{"type":"FeatureCollection","features":[{"type":"Feature","geometry":{"type":"Point","coordinates":[21.712654,38.2080319]},"properties":{"shop_id":8214753473,"name":"Ena Cash And Carry"}},{"type":"Feature","geometry":{"type":"Point","coordinates":[21.712654,38.2080319]},"properties":{"shop_id":8214753473,"name":"Ena Cash And Carry"}},{"type":"Feature","geometry":{"type":"Point","coordinates":[21.712654,38.2080319]},"properties":{"shop_id":8214753473,"name":"Ena Cash And Carry"}},{"type":"Feature","geometry":{"type":"Point","coordinates":[21.712654,38.2080319]},"properties":{"shop_id":8214753473,"name":"Ena Cash And Carry"}},{"type":"Feature","geometry":{"type":"Point","coordinates":[21.712654,38.2080319]},"properties":{"shop_id":8214753473,"name":"Ena Cash And Carry"}},{"type":"Feature","geometry":{"type":"Point","coordinates":[21.712654,38.2080319]},"properties":{"shop_id":8214753473,"name":"Ena Cash And Carry"}},{"type":"Feature","geometry":{"type":"Point","coordinates":[21.7380288,38.24957]},"properties":{"shop_id":8805467220,"name":"\u0391\u0392 Shop & Go"}},{"type":"Feature","geometry":{"type":"Point","coordinates":[21.7380288,38.24957]},"properties":{"shop_id":8805467220,"name":"\u0391\u0392 Shop & Go"}},{"type":"Feature","geometry":{"type":"Point","coordinates":[21.7380288,38.24957]},"properties":{"shop_id":8805467220,"name":"\u0391\u0392 Shop & Go"}},{"type":"Feature","geometry":{"type":"Point","coordinates":[21.7355058,38.2454669]},"properties":{"shop_id":8805335004,"name":"\u039c\u03b1\u03c3\u03bf\u03cd\u03c4\u03b7\u03c2"}},{"type":"Feature","geometry":{"type":"Point","coordinates":[21.7355058,38.2454669]},"properties":{"shop_id":8805335004,"name":"\u039c\u03b1\u03c3\u03bf\u03cd\u03c4\u03b7\u03c2"}},{"type":"Feature","geometry":{"type":"Point","coordinates":[21.7355058,38.2454669]},"properties":{"shop_id":8805335004,"name":"\u039c\u03b1\u03c3\u03bf\u03cd\u03c4\u03b7\u03c2"}},{"type":"Feature","geometry":{"type":"Point","coordinates":[21.7355058,38.2454669]},"properties":{"shop_id":8805335004,"name":"\u039c\u03b1\u03c3\u03bf\u03cd\u03c4\u03b7\u03c2"}},{"type":"Feature","geometry":{"type":"Point","coordinates":[21.7340723,38.2390442]},"properties":{"shop_id":8215157448,"name":"Super Market \u039a\u03a1\u039f\u039d\u039f\u03a3"}},{"type":"Feature","geometry":{"type":"Point","coordinates":[21.7283123,38.2360129]},"properties":{"shop_id":8215010716,"name":"Super Market \u0398\u03b5\u03bf\u03b4\u03c9\u03c1\u03cc\u03c0\u03bf\u03c5\u03bb\u03bf\u03c2"}},{"type":"Feature","geometry":{"type":"Point","coordinates":[21.6232207,38.1494223]},"properties":{"shop_id":9785182275,"name":"Mini-market"}},{"type":"Feature","geometry":{"type":"Point","coordinates":[21.7455558,38.2398789]},"properties":{"shop_id":8806495733,"name":"3\u0391 \u0391\u03a1\u0391\u03a0\u0397\u03a3"}},{"type":"Feature","geometry":{"type":"Point","coordinates":[21.7408745,38.2554443]},"properties":{"shop_id":9651304117,"name":"\u03a0\u03b5\u03c1\u03af\u03c0\u03c4\u03b5\u03c1\u03bf"}},{"type":"Feature","geometry":{"type":"Point","coordinates":[21.733787,38.2361127]},"properties":{"shop_id":8214910532,"name":"\u0393\u03b1\u03bb\u03b1\u03be\u03af\u03b1\u03c2"}},{"type":"Feature","geometry":{"type":"Point","coordinates":[21.7434265,38.2633511]},"properties":{"shop_id":360226900,"name":"Lidl"}},{"type":"Feature","geometry":{"type":"Point","coordinates":[21.7408745,38.2554443]},"properties":{"shop_id":9651304117,"name":"\u03a0\u03b5\u03c1\u03af\u03c0\u03c4\u03b5\u03c1\u03bf"}},{"type":"Feature","geometry":{"type":"Point","coordinates":[21.712654,38.2080319]},"properties":{"shop_id":8214753473,"name":"Ena Cash And Carry"}},{"type":"Feature","geometry":{"type":"Point","coordinates":[21.7455558,38.2398789]},"properties":{"shop_id":8806495733,"name":"3\u0391 \u0391\u03a1\u0391\u03a0\u0397\u03a3"}},{"type":"Feature","geometry":{"type":"Point","coordinates":[21.733787,38.2361127]},"properties":{"shop_id":8214910532,"name":"\u0393\u03b1\u03bb\u03b1\u03be\u03af\u03b1\u03c2"}},{"type":"Feature","geometry":{"type":"Point","coordinates":[21.7283123,38.2360129]},"properties":{"shop_id":8215010716,"name":"Super Market \u0398\u03b5\u03bf\u03b4\u03c9\u03c1\u03cc\u03c0\u03bf\u03c5\u03bb\u03bf\u03c2"}},{"type":"Feature","geometry":{"type":"Point","coordinates":[21.733787,38.2361127]},"properties":{"shop_id":8214910532,"name":"\u0393\u03b1\u03bb\u03b1\u03be\u03af\u03b1\u03c2"}},{"type":"Feature","geometry":{"type":"Point","coordinates":[21.712654,38.2080319]},"properties":{"shop_id":8214753473,"name":"Ena Cash And Carry"}},{"type":"Feature","geometry":{"type":"Point","coordinates":[21.6232207,38.1494223]},"properties":{"shop_id":9785182275,"name":"Mini-market"}},{"type":"Feature","geometry":{"type":"Point","coordinates":[21.7455558,38.2398789]},"properties":{"shop_id":8806495733,"name":"3\u0391 \u0391\u03a1\u0391\u03a0\u0397\u03a3"}},{"type":"Feature","geometry":{"type":"Point","coordinates":[21.7434265,38.2633511]},"properties":{"shop_id":360226900,"name":"Lidl"}},{"type":"Feature","geometry":{"type":"Point","coordinates":[21.7355058,38.2454669]},"properties":{"shop_id":8805335004,"name":"\u039c\u03b1\u03c3\u03bf\u03cd\u03c4\u03b7\u03c2"}},{"type":"Feature","geometry":{"type":"Point","coordinates":[21.7355058,38.2454669]},"properties":{"shop_id":8805335004,"name":"\u039c\u03b1\u03c3\u03bf\u03cd\u03c4\u03b7\u03c2"}},{"type":"Feature","geometry":{"type":"Point","coordinates":[21.7328984,38.2375068]},"properties":{"shop_id":8214887306,"name":"3\u0391 \u0391\u03c1\u03ac\u03c0\u03b7\u03c2"}},{"type":"Feature","geometry":{"type":"Point","coordinates":[21.7328984,38.2375068]},"properties":{"shop_id":8214887306,"name":"3\u0391 \u0391\u03c1\u03ac\u03c0\u03b7\u03c2"}},{"type":"Feature","geometry":{"type":"Point","coordinates":[21.712654,38.2080319]},"properties":{"shop_id":54449389,"name":"Lidl"}},{"type":"Feature","geometry":{"type":"Point","coordinates":[21.7253472,38.2346622]},"properties":{"shop_id":54449389,"name":"Lidl"}},{"type":"Feature","geometry":{"type":"Point","coordinates":[21.712654,38.2080319]},"properties":{"shop_id":54449389,"name":"Lidl"}},{"type":"Feature","geometry":{"type":"Point","coordinates":[21.7253472,38.2346622]},"properties":{"shop_id":54449389,"name":"Lidl"}},{"type":"Feature","geometry":{"type":"Point","coordinates":[21.7908028,38.2952086]},"properties":{"shop_id":364381224,"name":"\u03a3\u03bf\u03c5\u03c0\u03b5\u03c1\u03bc\u03ac\u03c1\u03ba\u03b5\u03c4 \u0391\u03bd\u03b4\u03c1\u03b9\u03ba\u03cc\u03c0\u03bf\u03c5\u03bb\u03bf\u03c2"}}]}