-- phpMyAdmin SQL Dump
-- version 5.2.0
-- https://www.phpmyadmin.net/
--
-- Εξυπηρετητής: 127.0.0.1
-- Χρόνος δημιουργίας: 07 Φεβ 2023 στις 11:17:48
-- Έκδοση διακομιστή: 10.4.27-MariaDB
-- Έκδοση PHP: 8.1.12

SET SQL_MODE = "NO_AUTO_VALUE_ON_ZERO";
START TRANSACTION;
SET time_zone = "+00:00";


/*!40101 SET @OLD_CHARACTER_SET_CLIENT=@@CHARACTER_SET_CLIENT */;
/*!40101 SET @OLD_CHARACTER_SET_RESULTS=@@CHARACTER_SET_RESULTS */;
/*!40101 SET @OLD_COLLATION_CONNECTION=@@COLLATION_CONNECTION */;
/*!40101 SET NAMES utf8mb4 */;

--
-- Βάση δεδομένων: `projectdatabase`
--

-- --------------------------------------------------------

--
-- Δομή πίνακα για τον πίνακα `average_price`
--

CREATE TABLE `average_price` (
  `product_id` int(11) NOT NULL,
  `product_name` varchar(255) NOT NULL,
  `week_start_date` date NOT NULL,
  `average_price` float NOT NULL
) ENGINE=InnoDB DEFAULT CHARSET=utf8mb4 COLLATE=utf8mb4_general_ci;

--
-- Άδειασμα δεδομένων του πίνακα `average_price`
--

INSERT INTO `average_price` (`product_id`, `product_name`, `week_start_date`, `average_price`) VALUES
(2, 'Μίσκο Μακαρόνια Ν6 500γρ', '2022-11-15', 1.012),
(1000, 'Μίσκο Μακαρόνια Ν5 500γρ', '2022-11-15', 1.012),
(1001, 'Misko Ταλιατέλλες Σιμιγδ 500γρ', '2022-11-15', 2.066),
(1002, 'Aim Οδ/τσα 2-6 Παιδική', '2022-11-15', 1.94),
(209, 'Nutricia Biskotti 180γρ', '2022-12-01', 2.1416),
(313, 'Nutricia Biskotti Ζωάκια 180γρ', '2022-12-01', 2.453),
(67, 'Γιώτης Μπισκοτόκρεμα 300γρ', '2022-12-01', 4.99),
(126, 'Γιώτης Φρουτόκρεμα 5 Φρούτα 300γρ', '2022-12-01', 4.99),
(308, 'Γιώτης Κρέμα Παιδικη Φαρίν Λακτέ Μπισκότο 300γρ', '2022-12-01', 3.92),
(104, 'Libero Swimpants Πάνες Small 7-12κιλ 6τεμ', '2022-12-01', 4.268),
(113, 'Pampers Prem Care No5 11-18κιλ 30τεμ', '2022-12-01', 10.635),
(122, 'Pampers Πάνες Premium Care Νο 2 4-8κιλ 23τεμ', '2022-12-01', 10.283),
(149, 'Babylino Sensitive No1 2-5κιλ 28τεμ', '2022-12-01', 5.386),
(300, 'Pampers Active Baby No5 11-16κιλ 51τεμ', '2022-12-01', 6.77),
(20, 'Everyday Σερβ Super/Ultra Plus Sens 10τεμ', '2022-12-01', 2.395),
(31, 'Everyday Σερβ Extr Long/Ultra Plus Hyp 10τεμ', '2022-12-01', 2.865),
(96, 'Everyday Σερβ Maxi Nig/Ultra Plus Hyp 18τεμ', '2022-12-01', 2.643),
(261, 'Everyday Σερβ Maxi Nig/Ultra Plus Hyp 18τεμ', '2022-12-01', 2.086),
(573, 'Always Σερβ Ultra Platinum Night 6τεμ', '2022-12-01', 2.086),
(94, 'Always Σερβ Ultra Platinum Night 6τεμ', '2022-12-01', 4.261),
(591, 'Palmolive Αφρόλ Natural Αμυγδ 650ml', '2022-12-01', 2.851),
(686, 'Noxzema Αφρόλ Talc 750ml', '2022-12-01', 4.211);

-- --------------------------------------------------------

--
-- Δομή πίνακα για τον πίνακα `category`
--

CREATE TABLE `category` (
  `category_id` varchar(255) NOT NULL,
  `category_name` varchar(255) NOT NULL
) ENGINE=InnoDB DEFAULT CHARSET=utf8mb4 COLLATE=utf8mb4_general_ci;

--
-- Άδειασμα δεδομένων του πίνακα `category`
--

INSERT INTO `category` (`category_id`, `category_name`) VALUES
('8016e637b54241f8ad242ed1699bf2da', 'Βρεφικά Είδη'),
('8e8117f7d9d64cf1a931a351eb15bd69', 'Προσωπική φροντίδα'),
('a8ac6be68b53443bbd93b229e2f9cd34', 'Ποτά - Αναψυκτικά'),
('d41744460283406a86f8e4bd5010a66d', 'Καθαριότητα'),
('ee0022e7b1b34eb2b834ea334cda52e7', 'Τρόφιμα');

-- --------------------------------------------------------

--
-- Δομή πίνακα για τον πίνακα `dislikes`
--

CREATE TABLE `dislikes` (
  `user_id` int(11) NOT NULL,
  `offer_id` int(25) NOT NULL
) ENGINE=InnoDB DEFAULT CHARSET=utf8mb4 COLLATE=utf8mb4_general_ci;

--
-- Άδειασμα δεδομένων του πίνακα `dislikes`
--

INSERT INTO `dislikes` (`user_id`, `offer_id`) VALUES
(0, 1),
(0, 3),
(0, 4),
(0, 7),
(0, 13),
(0, 13),
(0, 13),
(0, 10),
(0, 10),
(0, 10),
(0, 10),
(0, 10),
(0, 10),
(0, 34),
(0, 34),
(0, 34),
(0, 34),
(0, 34),
(0, 34),
(0, 34),
(0, 34),
(0, 35),
(0, 35),
(0, 35),
(0, 37),
(0, 37),
(0, 38),
(0, 38),
(0, 39),
(0, 39),
(0, 62),
(0, 62),
(0, 35),
(0, 44),
(0, 67),
(0, 67),
(0, 67),
(0, 56),
(0, 56),
(0, 56),
(0, 56),
(0, 56),
(0, 50),
(0, 51),
(0, 51),
(0, 51);

-- --------------------------------------------------------

--
-- Δομή πίνακα για τον πίνακα `likes`
--

CREATE TABLE `likes` (
  `user_id` int(11) NOT NULL,
  `offer_id` int(11) NOT NULL
) ENGINE=InnoDB DEFAULT CHARSET=utf8mb4 COLLATE=utf8mb4_general_ci;

--
-- Άδειασμα δεδομένων του πίνακα `likes`
--

INSERT INTO `likes` (`user_id`, `offer_id`) VALUES
(0, 657),
(0, 657),
(0, 657),
(0, 657),
(0, 657),
(0, 657),
(0, 657),
(0, 657),
(0, 657),
(0, 657),
(0, 657),
(0, 657),
(0, 657),
(0, 658),
(0, 658),
(0, 7),
(0, 7),
(0, 7),
(0, 7),
(0, 7),
(0, 8),
(0, 8),
(0, 12),
(0, 12),
(0, 12),
(0, 12),
(0, 13),
(0, 13),
(0, 13),
(0, 10),
(0, 10),
(0, 10),
(0, 10),
(0, 10),
(0, 11),
(0, 11),
(0, 11),
(0, 11),
(0, 11),
(0, 11),
(0, 11),
(0, 10),
(0, 10),
(0, 10),
(0, 10),
(0, 10),
(0, 10),
(0, 10),
(0, 35),
(0, 35),
(0, 35),
(0, 35),
(0, 35),
(0, 35),
(0, 35),
(0, 37),
(0, 37),
(0, 39),
(0, 39),
(0, 57),
(0, 57),
(0, 57),
(0, 57),
(0, 37),
(0, 57),
(0, 57),
(0, 43),
(0, 43),
(0, 43),
(0, 43),
(0, 44),
(0, 44),
(0, 44),
(0, 44),
(0, 44),
(0, 46),
(0, 67),
(0, 67),
(0, 67),
(0, 46),
(0, 44),
(0, 46),
(0, 46),
(0, 46),
(0, 66),
(0, 66),
(0, 66),
(0, 66),
(0, 66),
(0, 66),
(0, 66),
(0, 53),
(0, 53),
(0, 53),
(0, 53),
(0, 53),
(0, 53),
(0, 53),
(0, 56),
(0, 56),
(0, 56),
(0, 56),
(0, 56),
(0, 56),
(0, 56),
(0, 56),
(0, 51),
(0, 51),
(0, 51),
(0, 51),
(0, 51),
(0, 50),
(0, 50),
(0, 50),
(0, 50),
(0, 50),
(0, 50),
(0, 51),
(0, 51);

-- --------------------------------------------------------

--
-- Δομή πίνακα για τον πίνακα `offer`
--

CREATE TABLE `offer` (
  `offer_id` int(11) NOT NULL,
  `stock` enum('on stock','out of stock') NOT NULL,
  `product_id` int(11) NOT NULL,
  `offer_price` float NOT NULL,
  `shop_id` bigint(255) NOT NULL,
  `offerdate` date NOT NULL DEFAULT current_timestamp(),
  `like_amount` int(11) NOT NULL,
  `dislike_amount` int(11) NOT NULL,
  `user_id` int(25) NOT NULL,
  `end` int(11) NOT NULL
) ENGINE=InnoDB DEFAULT CHARSET=utf8mb4 COLLATE=utf8mb4_general_ci;

--
-- Άδειασμα δεδομένων του πίνακα `offer`
--

INSERT INTO `offer` (`offer_id`, `stock`, `product_id`, `offer_price`, `shop_id`, `offerdate`, `like_amount`, `dislike_amount`, `user_id`, `end`) VALUES
(34, 'on stock', 49, 1.2, 8214753473, '2023-02-03', 0, 0, 5, 15),
(35, 'on stock', 49, 0.7, 8214753473, '2023-02-03', 0, 0, 5, 2),
(36, 'on stock', 194, 0.1, 8214753473, '2023-02-03', 0, 0, 5, 1),
(37, 'on stock', 94, 1, 8214753473, '2023-02-03', 0, 0, 5, 2),
(38, 'on stock', 243, 0.1, 8214753473, '2023-02-03', 0, 0, 5, 1),
(39, 'on stock', 96, 2, 8214753473, '2023-02-03', 0, 0, 5, 1),
(40, 'on stock', 767, 1, 8805467220, '2023-02-07', 0, 0, 14, 0),
(41, 'on stock', 14, 1, 8805467220, '2023-02-07', 0, 0, 14, 0),
(42, 'on stock', 67, 1, 8805467220, '2023-02-07', 0, 0, 14, 0),
(43, 'on stock', 426, 0.2, 8805335004, '2023-02-07', 0, 0, 14, 0),
(44, 'on stock', 107, 1.2, 8805335004, '2023-02-07', 0, 0, 14, 0),
(45, 'on stock', 686, 1.2, 8805335004, '2023-02-07', 0, 0, 16, 0),
(46, 'on stock', 472, 0.1, 8805335004, '2023-02-07', 0, 0, 16, 0),
(47, 'on stock', 7, 2, 8215157448, '2023-02-07', 0, 0, 16, 0),
(48, 'on stock', 243, 0.6, 8215010716, '2023-02-07', 0, 0, 16, 0),
(49, 'out of stock', 67, 0.1, 9785182275, '2023-02-07', 0, 0, 7, 0),
(52, 'on stock', 160, 0.34, 8806495733, '2023-02-07', 0, 0, 6, 0),
(53, 'on stock', 767, 2.5, 9651304117, '2023-02-07', 0, 0, 6, 0),
(54, 'on stock', 122, 0.9, 8214910532, '2023-02-07', 0, 0, 6, 0),
(55, 'on stock', 104, 1.7, 360226900, '2023-02-07', 0, 0, 8, 0),
(56, 'on stock', 160, 4, 9651304117, '2023-02-07', 0, 0, 8, 0),
(57, 'on stock', 602, 0.453, 8214753473, '2023-02-07', 0, 0, 8, 0),
(58, 'on stock', 626, 1.6, 8806495733, '2023-02-07', 0, 0, 4, 0),
(59, 'on stock', 160, 2.5, 8214910532, '2023-02-07', 0, 0, 4, 0),
(60, 'out of stock', 193, 2.4, 8215010716, '2023-02-07', 0, 0, 4, 0),
(61, 'on stock', 767, 5.65, 8214910532, '2023-02-07', 0, 0, 9, 0),
(62, 'out of stock', 104, 2.3, 8214753473, '2023-02-07', 0, 0, 9, 0),
(63, 'out of stock', 472, 4, 9785182275, '2023-02-07', 0, 0, 9, 0),
(64, 'on stock', 737, 1.54, 8806495733, '2023-02-07', 0, 0, 10, 0),
(65, 'on stock', 515, 1.03, 360226900, '2023-02-07', 0, 0, 10, 0),
(66, 'on stock', 7, 1, 8805335004, '2023-02-07', 0, 0, 10, 0),
(67, 'on stock', 20, 0.4567, 8805335004, '2023-02-07', 0, 0, 10, 0),
(68, 'on stock', 243, 1.5, 8214887306, '2023-02-07', 0, 0, 12, 0),
(69, 'on stock', 104, 0.1234, 8214887306, '2023-02-07', 0, 0, 12, 0),
(70, 'on stock', 107, 0.9, 54449389, '2023-02-07', 0, 0, 12, 0),
(71, 'on stock', 126, 0.2, 54449389, '2023-02-07', 0, 0, 12, 0),
(72, 'on stock', 23, 0.1, 364381224, '2023-02-07', 0, 0, 10, 0);

-- --------------------------------------------------------

--
-- Δομή πίνακα για τον πίνακα `price`
--

CREATE TABLE `price` (
  `product_id` int(11) NOT NULL,
  `product_name` varchar(255) NOT NULL,
  `category_id` varchar(255) NOT NULL,
  `date` date NOT NULL,
  `price` float NOT NULL
) ENGINE=InnoDB DEFAULT CHARSET=utf8mb4 COLLATE=utf8mb4_general_ci;

--
-- Άδειασμα δεδομένων του πίνακα `price`
--

INSERT INTO `price` (`product_id`, `product_name`, `category_id`, `date`, `price`) VALUES
(209, 'Nutricia Biskotti 180γρ', '8016e637b54241f8ad242ed1699bf2da', '2023-01-29', 2.13),
(209, 'Nutricia Biskotti 180γρ', '8016e637b54241f8ad242ed1699bf2da', '2023-01-30', 2.15),
(209, 'Nutricia Biskotti 180γρ', '8016e637b54241f8ad242ed1699bf2da', '2023-01-31', 2.13),
(209, 'Nutricia Biskotti 180γρ', '8016e637b54241f8ad242ed1699bf2da', '2023-02-01', 2.15),
(209, 'Nutricia Biskotti 180γρ', '8016e637b54241f8ad242ed1699bf2da', '2023-02-02', 1),
(209, 'Nutricia Biskotti 180γρ', '8016e637b54241f8ad242ed1699bf2da', '2023-02-03', 2.14),
(313, 'Nutricia Biskotti Ζωάκια 180γρ', '8016e637b54241f8ad242ed1699bf2da', '2023-01-29', 2.46),
(313, 'Nutricia Biskotti Ζωάκια 180γρ', '8016e637b54241f8ad242ed1699bf2da', '2023-01-30', 2.45),
(313, 'Nutricia Biskotti Ζωάκια 180γρ', '8016e637b54241f8ad242ed1699bf2da', '2023-01-31', 2.43),
(313, 'Nutricia Biskotti Ζωάκια 180γρ', '8016e637b54241f8ad242ed1699bf2da', '2023-02-01', 2.46),
(313, 'Nutricia Biskotti Ζωάκια 180γρ', '8016e637b54241f8ad242ed1699bf2da', '2023-02-02', 2.46),
(313, 'Nutricia Biskotti Ζωάκια 180γρ', '8016e637b54241f8ad242ed1699bf2da', '2023-02-03', 2.46),
(67, 'Γιώτης Μπισκοτόκρεμα 300γρ', '8016e637b54241f8ad242ed1699bf2da', '2023-01-29', 4.76),
(67, 'Γιώτης Μπισκοτόκρεμα 300γρ', '8016e637b54241f8ad242ed1699bf2da', '2023-01-30', 4.83),
(67, 'Γιώτης Μπισκοτόκρεμα 300γρ', '8016e637b54241f8ad242ed1699bf2da', '2023-01-31', 4.94),
(67, 'Γιώτης Μπισκοτόκρεμα 300γρ', '8016e637b54241f8ad242ed1699bf2da', '2023-02-01', 5.18),
(67, 'Γιώτης Μπισκοτόκρεμα 300γρ', '8016e637b54241f8ad242ed1699bf2da', '2023-02-02', 5.14),
(67, 'Γιώτης Μπισκοτόκρεμα 300γρ', '8016e637b54241f8ad242ed1699bf2da', '2023-02-03', 5.1),
(126, 'Γιώτης Φρουτόκρεμα 5 Φρούτα 300γρ', '8016e637b54241f8ad242ed1699bf2da', '2023-01-29', 4.76),
(126, 'Γιώτης Φρουτόκρεμα 5 Φρούτα 300γρ', '8016e637b54241f8ad242ed1699bf2da', '2023-01-30', 4.83),
(126, 'Γιώτης Φρουτόκρεμα 5 Φρούτα 300γρ', '8016e637b54241f8ad242ed1699bf2da', '2023-01-31', 4.94),
(126, 'Γιώτης Φρουτόκρεμα 5 Φρούτα 300γρ', '8016e637b54241f8ad242ed1699bf2da', '2023-02-01', 5.18),
(126, 'Γιώτης Φρουτόκρεμα 5 Φρούτα 300γρ', '8016e637b54241f8ad242ed1699bf2da', '2023-02-02', 5.14),
(126, 'Γιώτης Φρουτόκρεμα 5 Φρούτα 300γρ', '8016e637b54241f8ad242ed1699bf2da', '2023-02-03', 5.1),
(308, 'Γιώτης Κρέμα Παιδικη Φαρίν Λακτέ Μπισκότο 300γρ', '8016e637b54241f8ad242ed1699bf2da', '2023-01-29', 3.72),
(308, 'Γιώτης Κρέμα Παιδικη Φαρίν Λακτέ Μπισκότο 300γρ', '8016e637b54241f8ad242ed1699bf2da', '2023-01-30', 3.87),
(308, 'Γιώτης Κρέμα Παιδικη Φαρίν Λακτέ Μπισκότο 300γρ', '8016e637b54241f8ad242ed1699bf2da', '2023-01-31', 3.78),
(308, 'Γιώτης Κρέμα Παιδικη Φαρίν Λακτέ Μπισκότο 300γρ', '8016e637b54241f8ad242ed1699bf2da', '2023-02-01', 4.08),
(308, 'Γιώτης Κρέμα Παιδικη Φαρίν Λακτέ Μπισκότο 300γρ', '8016e637b54241f8ad242ed1699bf2da', '2023-02-02', 4.11),
(308, 'Γιώτης Κρέμα Παιδικη Φαρίν Λακτέ Μπισκότο 300γρ', '8016e637b54241f8ad242ed1699bf2da', '2023-02-03', 3.97),
(104, 'Libero Swimpants Πάνες Small 7-12κιλ 6τεμ', '8016e637b54241f8ad242ed1699bf2da', '2023-01-29', 4.16),
(104, 'Libero Swimpants Πάνες Small 7-12κιλ 6τεμ', '8016e637b54241f8ad242ed1699bf2da', '2023-01-30', 4.29),
(104, 'Libero Swimpants Πάνες Small 7-12κιλ 6τεμ', '8016e637b54241f8ad242ed1699bf2da', '2023-01-31', 4.29),
(104, 'Libero Swimpants Πάνες Small 7-12κιλ 6τεμ', '8016e637b54241f8ad242ed1699bf2da', '2023-02-01', 4.31),
(104, 'Libero Swimpants Πάνες Small 7-12κιλ 6τεμ', '8016e637b54241f8ad242ed1699bf2da', '2023-02-02', 4.29),
(104, 'Libero Swimpants Πάνες Small 7-12κιλ 6τεμ', '8016e637b54241f8ad242ed1699bf2da', '2023-02-03', 4.29),
(113, 'Pampers Prem Care No5 11-18κιλ 30τεμ', '8016e637b54241f8ad242ed1699bf2da', '2023-01-29', 10),
(113, 'Pampers Prem Care No5 11-18κιλ 30τεμ', '8016e637b54241f8ad242ed1699bf2da', '2023-01-30', 10),
(113, 'Pampers Prem Care No5 11-18κιλ 30τεμ', '8016e637b54241f8ad242ed1699bf2da', '2023-01-31', 10),
(113, 'Pampers Prem Care No5 11-18κιλ 30τεμ', '8016e637b54241f8ad242ed1699bf2da', '2023-02-01', 10.66),
(113, 'Pampers Prem Care No5 11-18κιλ 30τεμ', '8016e637b54241f8ad242ed1699bf2da', '2023-02-02', 10.66),
(113, 'Pampers Prem Care No5 11-18κιλ 30τεμ', '8016e637b54241f8ad242ed1699bf2da', '2023-02-03', 12.49),
(122, 'Pampers Πάνες Premium Care Νο 2 4-8κιλ 23τεμ', '8016e637b54241f8ad242ed1699bf2da', '2023-01-29', 11.4),
(122, 'Pampers Πάνες Premium Care Νο 2 4-8κιλ 23τεμ', '8016e637b54241f8ad242ed1699bf2da', '2023-01-30', 10.14),
(122, 'Pampers Πάνες Premium Care Νο 2 4-8κιλ 23τεμ', '8016e637b54241f8ad242ed1699bf2da', '2023-01-31', 9.85),
(122, 'Pampers Πάνες Premium Care Νο 2 4-8κιλ 23τεμ', '8016e637b54241f8ad242ed1699bf2da', '2023-02-01', 10.14),
(122, 'Pampers Πάνες Premium Care Νο 2 4-8κιλ 23τεμ', '8016e637b54241f8ad242ed1699bf2da', '2023-02-02', 9.69),
(122, 'Pampers Πάνες Premium Care Νο 2 4-8κιλ 23τεμ', '8016e637b54241f8ad242ed1699bf2da', '2023-02-03', 9.43),
(149, 'Babylino Sensitive No1 2-5κιλ 28τεμ', '8016e637b54241f8ad242ed1699bf2da', '2023-01-29', 5.47),
(149, 'Babylino Sensitive No1 2-5κιλ 28τεμ', '8016e637b54241f8ad242ed1699bf2da', '2023-01-30', 5.09),
(149, 'Babylino Sensitive No1 2-5κιλ 28τεμ', '8016e637b54241f8ad242ed1699bf2da', '2023-01-31', 5.41),
(149, 'Babylino Sensitive No1 2-5κιλ 28τεμ', '8016e637b54241f8ad242ed1699bf2da', '2023-02-01', 5.5),
(149, 'Babylino Sensitive No1 2-5κιλ 28τεμ', '8016e637b54241f8ad242ed1699bf2da', '2023-02-02', 5.08),
(149, 'Babylino Sensitive No1 2-5κιλ 28τεμ', '8016e637b54241f8ad242ed1699bf2da', '2023-02-03', 5.77),
(300, 'Pampers Active Baby No5 11-16κιλ 51τεμ', '8016e637b54241f8ad242ed1699bf2da', '2023-01-29', 8.34),
(300, 'Pampers Active Baby No5 11-16κιλ 51τεμ', '8016e637b54241f8ad242ed1699bf2da', '2023-01-30', 8.34),
(300, 'Pampers Active Baby No5 11-16κιλ 51τεμ', '8016e637b54241f8ad242ed1699bf2da', '2023-01-31', 9.27),
(300, 'Pampers Active Baby No5 11-16κιλ 51τεμ', '8016e637b54241f8ad242ed1699bf2da', '2023-02-01', 9.21),
(300, 'Pampers Active Baby No5 11-16κιλ 51τεμ', '8016e637b54241f8ad242ed1699bf2da', '2023-02-02', 8.81),
(300, 'Pampers Active Baby No5 11-16κιλ 51τεμ', '8016e637b54241f8ad242ed1699bf2da', '2023-02-03', 4.99),
(20, 'Everyday Σερβ Super/Ultra Plus Sens 10τεμ', '8e8117f7d9d64cf1a931a351eb15bd69', '2023-01-29', 2.17),
(20, 'Everyday Σερβ Super/Ultra Plus Sens 10τεμ', '8e8117f7d9d64cf1a931a351eb15bd69', '2023-01-30', 2.34),
(20, 'Everyday Σερβ Super/Ultra Plus Sens 10τεμ', '8e8117f7d9d64cf1a931a351eb15bd69', '2023-01-31', 2.41),
(20, 'Everyday Σερβ Super/Ultra Plus Sens 10τεμ', '8e8117f7d9d64cf1a931a351eb15bd69', '2023-02-01', 2.57),
(20, 'Everyday Σερβ Super/Ultra Plus Sens 10τεμ', '8e8117f7d9d64cf1a931a351eb15bd69', '2023-02-02', 2.66),
(20, 'Everyday Σερβ Super/Ultra Plus Sens 10τεμ', '8e8117f7d9d64cf1a931a351eb15bd69', '2023-02-03', 2.22),
(31, 'Everyday Σερβ Extr Long/Ultra Plus Hyp 10τεμ', '8e8117f7d9d64cf1a931a351eb15bd69', '2023-01-29', 2.76),
(31, 'Everyday Σερβ Extr Long/Ultra Plus Hyp 10τεμ', '8e8117f7d9d64cf1a931a351eb15bd69', '2023-01-30', 2.78),
(31, 'Everyday Σερβ Extr Long/Ultra Plus Hyp 10τεμ', '8e8117f7d9d64cf1a931a351eb15bd69', '2023-01-31', 2.9),
(31, 'Everyday Σερβ Extr Long/Ultra Plus Hyp 10τεμ', '8e8117f7d9d64cf1a931a351eb15bd69', '2023-02-01', 2.79),
(31, 'Everyday Σερβ Extr Long/Ultra Plus Hyp 10τεμ', '8e8117f7d9d64cf1a931a351eb15bd69', '2023-02-02', 3.03),
(31, 'Everyday Σερβ Extr Long/Ultra Plus Hyp 10τεμ', '8e8117f7d9d64cf1a931a351eb15bd69', '2023-02-03', 2.93),
(96, 'Everyday Σερβ Maxi Nig/Ultra Plus Hyp 18τεμ', '8e8117f7d9d64cf1a931a351eb15bd69', '2023-01-29', 2.65),
(96, 'Everyday Σερβ Maxi Nig/Ultra Plus Hyp 18τεμ', '8e8117f7d9d64cf1a931a351eb15bd69', '2023-01-30', 2.62),
(96, 'Everyday Σερβ Maxi Nig/Ultra Plus Hyp 18τεμ', '8e8117f7d9d64cf1a931a351eb15bd69', '2023-01-31', 2.64),
(96, 'Everyday Σερβ Maxi Nig/Ultra Plus Hyp 18τεμ', '8e8117f7d9d64cf1a931a351eb15bd69', '2023-02-01', 2.69),
(96, 'Everyday Σερβ Maxi Nig/Ultra Plus Hyp 18τεμ', '8e8117f7d9d64cf1a931a351eb15bd69', '2023-02-02', 2.62),
(96, 'Everyday Σερβ Maxi Nig/Ultra Plus Hyp 18τεμ', '8e8117f7d9d64cf1a931a351eb15bd69', '2023-02-03', 2.64),
(261, 'Everyday Σερβ Maxi Nig/Ultra Plus Hyp 18τεμ', '8e8117f7d9d64cf1a931a351eb15bd69', '2023-01-29', 2.06),
(261, 'Libresse Σερβ Goodnight Clip 10τεμ', '8e8117f7d9d64cf1a931a351eb15bd69', '2023-01-30', 2.02),
(261, 'Libresse Σερβ Goodnight Clip 10τεμ', '8e8117f7d9d64cf1a931a351eb15bd69', '2023-01-31', 2.05),
(261, 'Libresse Σερβ Goodnight Clip 10τεμ', '8e8117f7d9d64cf1a931a351eb15bd69', '2023-02-01', 2.06),
(261, 'Libresse Σερβ Goodnight Clip 10τεμ', '8e8117f7d9d64cf1a931a351eb15bd69', '2023-02-02', 2.2),
(261, 'Libresse Σερβ Goodnight Clip 10τεμ', '8e8117f7d9d64cf1a931a351eb15bd69', '2023-02-03', 2.13),
(573, 'Always Σερβ Ultra Platinum Night 6τεμ', '8e8117f7d9d64cf1a931a351eb15bd69', '2023-01-29', 2.06),
(573, 'Always Σερβ Ultra Platinum Night 6τεμ', '8e8117f7d9d64cf1a931a351eb15bd69', '2023-01-30', 2.02),
(573, 'Always Σερβ Ultra Platinum Night 6τεμ', '8e8117f7d9d64cf1a931a351eb15bd69', '2023-01-31', 2.05),
(573, 'Always Σερβ Ultra Platinum Night 6τεμ', '8e8117f7d9d64cf1a931a351eb15bd69', '2023-02-01', 2.06),
(573, 'Always Σερβ Ultra Platinum Night 6τεμ', '8e8117f7d9d64cf1a931a351eb15bd69', '2023-02-02', 2.2),
(573, 'Always Σερβ Ultra Platinum Night 6τεμ', '8e8117f7d9d64cf1a931a351eb15bd69', '2023-02-03', 2.13),
(94, 'Orzene Σαμπουάν Μπύρας Κανον 400ml', '8e8117f7d9d64cf1a931a351eb15bd69', '2023-01-29', 3.87),
(94, 'Orzene Σαμπουάν Μπύρας Κανον 400ml', '8e8117f7d9d64cf1a931a351eb15bd69', '2023-01-30', 4.25),
(94, 'Orzene Σαμπουάν Μπύρας Κανον 400ml', '8e8117f7d9d64cf1a931a351eb15bd69', '2023-01-31', 3.89),
(94, 'Orzene Σαμπουάν Μπύρας Κανον 400ml', '8e8117f7d9d64cf1a931a351eb15bd69', '2023-02-01', 4.25),
(94, 'Orzene Σαμπουάν Μπύρας Κανον 400ml', '8e8117f7d9d64cf1a931a351eb15bd69', '2023-02-02', 4.21),
(94, 'Orzene Σαμπουάν Μπύρας Κανον 400ml', '8e8117f7d9d64cf1a931a351eb15bd69', '2023-02-03', 5.1),
(591, 'Palmolive Αφρόλ Natural Αμυγδ 650ml', '8e8117f7d9d64cf1a931a351eb15bd69', '2023-01-29', 2.75),
(591, 'Palmolive Αφρόλ Natural Αμυγδ 650ml', '8e8117f7d9d64cf1a931a351eb15bd69', '2023-01-30', 2.8),
(591, 'Palmolive Αφρόλ Natural Αμυγδ 650ml', '8e8117f7d9d64cf1a931a351eb15bd69', '2023-01-31', 2.94),
(591, 'Palmolive Αφρόλ Natural Αμυγδ 650ml', '8e8117f7d9d64cf1a931a351eb15bd69', '2023-02-01', 2.8),
(591, 'Palmolive Αφρόλ Natural Αμυγδ 650ml', '8e8117f7d9d64cf1a931a351eb15bd69', '2023-02-02', 3.02),
(591, 'Palmolive Αφρόλ Natural Αμυγδ 650ml', '8e8117f7d9d64cf1a931a351eb15bd69', '2023-02-03', 2.8),
(686, 'Noxzema Αφρόλ Talc 750ml', '8e8117f7d9d64cf1a931a351eb15bd69', '2023-01-29', 4.03),
(686, 'Noxzema Αφρόλ Talc 750ml', '8e8117f7d9d64cf1a931a351eb15bd69', '2023-01-30', 4.32),
(686, 'Noxzema Αφρόλ Talc 750ml', '8e8117f7d9d64cf1a931a351eb15bd69', '2023-01-31', 4.88),
(686, 'Noxzema Αφρόλ Talc 750ml', '8e8117f7d9d64cf1a931a351eb15bd69', '2023-02-01', 3.56),
(686, 'Noxzema Αφρόλ Talc 750ml', '8e8117f7d9d64cf1a931a351eb15bd69', '2023-02-02', 4.53),
(686, 'Noxzema Αφρόλ Talc 750ml', '8e8117f7d9d64cf1a931a351eb15bd69', '2023-02-03', 3.95),
(737, 'Fa Αφρόλ Yoghurt Van Honey 750m', '8e8117f7d9d64cf1a931a351eb15bd69', '2023-01-29', 3.34),
(737, 'Fa Αφρόλ Yoghurt Van Honey 750m', '8e8117f7d9d64cf1a931a351eb15bd69', '2023-01-30', 3.43),
(737, 'Fa Αφρόλ Yoghurt Van Honey 750m', '8e8117f7d9d64cf1a931a351eb15bd69', '2023-01-31', 3.45),
(737, 'Fa Αφρόλ Yoghurt Van Honey 750m', '8e8117f7d9d64cf1a931a351eb15bd69', '2023-02-01', 3.11),
(737, 'Fa Αφρόλ Yoghurt Van Honey 750m', '8e8117f7d9d64cf1a931a351eb15bd69', '2023-02-02', 3.23),
(737, 'Fa Αφρόλ Yoghurt Van Honey 750m', '8e8117f7d9d64cf1a931a351eb15bd69', '2023-02-03', 3.47),
(767, 'Lux Aφρόλ Magical Beauty 700ml', '8e8117f7d9d64cf1a931a351eb15bd69', '2023-01-29', 3.74),
(767, 'Lux Aφρόλ Magical Beauty 700mlm', '8e8117f7d9d64cf1a931a351eb15bd69', '2023-01-30', 3.43),
(767, 'Lux Aφρόλ Magical Beauty 700ml', '8e8117f7d9d64cf1a931a351eb15bd69', '2023-01-31', 3.92),
(767, 'Lux Aφρόλ Magical Beauty 700ml', '8e8117f7d9d64cf1a931a351eb15bd69', '2023-02-01', 3.11),
(767, 'Lux Aφρόλ Magical Beauty 700ml', '8e8117f7d9d64cf1a931a351eb15bd69', '2023-02-02', 3.46),
(767, 'Lux Aφρόλ Magical Beauty 700ml', '8e8117f7d9d64cf1a931a351eb15bd69', '2023-02-03', 4.21),
(7, 'Sprite 330ml', 'a8ac6be68b53443bbd93b229e2f9cd34', '2023-01-29', 0.59),
(7, 'Sprite 330ml', 'a8ac6be68b53443bbd93b229e2f9cd34', '2023-01-30', 0.61),
(7, 'Sprite 330ml', 'a8ac6be68b53443bbd93b229e2f9cd34', '2023-01-31', 0.59),
(7, 'Sprite 330ml', 'a8ac6be68b53443bbd93b229e2f9cd34', '2023-02-01', 0.63),
(7, 'Sprite 330ml', 'a8ac6be68b53443bbd93b229e2f9cd34', '2023-02-02', 0.65),
(7, 'Sprite 330ml', 'a8ac6be68b53443bbd93b229e2f9cd34', '2023-02-03', 0.6),
(194, 'Heineken Μπύρα 6X330ml', 'a8ac6be68b53443bbd93b229e2f9cd34', '2023-01-29', 0.59),
(194, 'Heineken Μπύρα 6X330ml', 'a8ac6be68b53443bbd93b229e2f9cd34', '2023-01-30', 0.61),
(194, 'Heineken Μπύρα 6X330ml', 'a8ac6be68b53443bbd93b229e2f9cd34', '2023-01-31', 0.59),
(194, 'Heineken Μπύρα 6X330ml', 'a8ac6be68b53443bbd93b229e2f9cd34', '2023-02-01', 0.63),
(194, 'Heineken Μπύρα 6X330ml', 'a8ac6be68b53443bbd93b229e2f9cd34', '2023-02-02', 0.65),
(194, 'Heineken Μπύρα 6X330ml', 'a8ac6be68b53443bbd93b229e2f9cd34', '2023-02-03', 0.6),
(383, 'Heineken Μπύρα Premium Lager 500ml', 'a8ac6be68b53443bbd93b229e2f9cd34', '2023-01-29', 0.59),
(383, 'Heineken Μπύρα Premium Lager 500ml', 'a8ac6be68b53443bbd93b229e2f9cd34', '2023-01-30', 0.61),
(383, 'Heineken Μπύρα Premium Lager 500ml', 'a8ac6be68b53443bbd93b229e2f9cd34', '2023-01-31', 0.59),
(383, 'Heineken Μπύρα Premium Lager 500ml', 'a8ac6be68b53443bbd93b229e2f9cd34', '2023-02-01', 0.63),
(383, 'Heineken Μπύρα Premium Lager 500ml', 'a8ac6be68b53443bbd93b229e2f9cd34', '2023-02-02', 0.65),
(383, 'Heineken Μπύρα Premium Lager 500ml', 'a8ac6be68b53443bbd93b229e2f9cd34', '2023-02-03', 0.6),
(426, 'Stella Artois Μπύρα 330ml', 'a8ac6be68b53443bbd93b229e2f9cd34', '2023-01-29', 0.59),
(426, 'Stella Artois Μπύρα 330ml', 'a8ac6be68b53443bbd93b229e2f9cd34', '2023-01-30', 0.61),
(426, 'Stella Artois Μπύρα 330ml', 'a8ac6be68b53443bbd93b229e2f9cd34', '2023-01-31', 0.59),
(426, 'Stella Artois Μπύρα 330ml', 'a8ac6be68b53443bbd93b229e2f9cd34', '2023-02-01', 0.63),
(426, 'Stella Artois Μπύρα 330ml', 'a8ac6be68b53443bbd93b229e2f9cd34', '2023-02-02', 0.65),
(426, 'Stella Artois Μπύρα 330ml', 'a8ac6be68b53443bbd93b229e2f9cd34', '2023-02-03', 0.6),
(472, 'Amstel Μπύρα Premium Quality 0,5λιτ', 'a8ac6be68b53443bbd93b229e2f9cd34', '2023-01-29', 0.59),
(472, 'Amstel Μπύρα Premium Quality 0,5λιτ', 'a8ac6be68b53443bbd93b229e2f9cd34', '2023-01-30', 0.61),
(472, 'Amstel Μπύρα Premium Quality 0,5λιτ', 'a8ac6be68b53443bbd93b229e2f9cd34', '2023-01-31', 0.59),
(472, 'Amstel Μπύρα Premium Quality 0,5λιτ', 'a8ac6be68b53443bbd93b229e2f9cd34', '2023-02-01', 0.63),
(472, 'Amstel Μπύρα Premium Quality 0,5λιτ', 'a8ac6be68b53443bbd93b229e2f9cd34', '2023-02-02', 0.65),
(472, 'Amstel Μπύρα Premium Quality 0,5λιτ', 'a8ac6be68b53443bbd93b229e2f9cd34', '2023-02-03', 0.6),
(602, 'Fix Hellas Μπύρα 6X330ml', 'a8ac6be68b53443bbd93b229e2f9cd34', '2023-01-29', 0.59),
(602, 'Fix Hellas Μπύρα 6X330ml', 'a8ac6be68b53443bbd93b229e2f9cd34', '2023-01-30', 0.61),
(602, 'Fix Hellas Μπύρα 6X330ml', 'a8ac6be68b53443bbd93b229e2f9cd34', '2023-01-31', 0.59),
(602, 'Fix Hellas Μπύρα 6X330ml', 'a8ac6be68b53443bbd93b229e2f9cd34', '2023-02-01', 0.63),
(602, 'Fix Hellas Μπύρα 6X330ml', 'a8ac6be68b53443bbd93b229e2f9cd34', '2023-02-02', 0.65),
(602, 'Fix Hellas Μπύρα 6X330ml', 'a8ac6be68b53443bbd93b229e2f9cd34', '2023-02-03', 0.6),
(21, 'Έψα Λεμοναδα 232ml', 'a8ac6be68b53443bbd93b229e2f9cd34', '2023-01-29', 0.36),
(21, 'Έψα Λεμοναδα 232ml', 'a8ac6be68b53443bbd93b229e2f9cd34', '2023-01-30', 0.41),
(21, 'Έψα Λεμοναδα 232ml', 'a8ac6be68b53443bbd93b229e2f9cd34', '2023-01-31', 0.44),
(21, 'Έψα Λεμοναδα 232ml', 'a8ac6be68b53443bbd93b229e2f9cd34', '2023-02-01', 0.39),
(21, 'Έψα Λεμοναδα 232ml', 'a8ac6be68b53443bbd93b229e2f9cd34', '2023-02-02', 0.38),
(21, 'Έψα Λεμοναδα 232ml', 'a8ac6be68b53443bbd93b229e2f9cd34', '2023-02-03', 0.43),
(49, 'Red Bull Ενεργειακό Ποτό 250ml', 'a8ac6be68b53443bbd93b229e2f9cd34', '2023-01-29', 0.99),
(49, 'Red Bull Ενεργειακό Ποτό 250ml', 'a8ac6be68b53443bbd93b229e2f9cd34', '2023-01-30', 1.04),
(49, 'Red Bull Ενεργειακό Ποτό 250ml', 'a8ac6be68b53443bbd93b229e2f9cd34', '2023-01-31', 1.11),
(49, 'Red Bull Ενεργειακό Ποτό 250ml', 'a8ac6be68b53443bbd93b229e2f9cd34', '2023-02-01', 1.12),
(49, 'Red Bull Ενεργειακό Ποτό 250ml', 'a8ac6be68b53443bbd93b229e2f9cd34', '2023-02-02', 0.98),
(49, 'Red Bull Ενεργειακό Ποτό 250ml', 'a8ac6be68b53443bbd93b229e2f9cd34', '2023-02-03', 1.17),
(64, 'Monster Energy Drink 500ml', 'a8ac6be68b53443bbd93b229e2f9cd34', '2023-01-29', 1.23),
(64, 'Monster Energy Drink 500ml', 'a8ac6be68b53443bbd93b229e2f9cd34', '2023-01-30', 1.32),
(64, 'Monster Energy Drink 500ml', 'a8ac6be68b53443bbd93b229e2f9cd34', '2023-01-31', 1.43),
(64, 'Monster Energy Drink 500ml', 'a8ac6be68b53443bbd93b229e2f9cd34', '2023-02-01', 1.34),
(64, 'Monster Energy Drink 500ml', 'a8ac6be68b53443bbd93b229e2f9cd34', '2023-02-02', 1.23),
(64, 'Monster Energy Drink 500ml', 'a8ac6be68b53443bbd93b229e2f9cd34', '2023-02-03', 1.42),
(193, 'Coca Cola 1,5λιτ', 'a8ac6be68b53443bbd93b229e2f9cd34', '2023-01-29', 1.55),
(193, 'Coca Cola 1,5λιτ', 'a8ac6be68b53443bbd93b229e2f9cd34', '2023-01-30', 1.6),
(193, 'Coca Cola 1,5λιτ', 'a8ac6be68b53443bbd93b229e2f9cd34', '2023-01-31', 1.58),
(193, 'Coca Cola 1,5λιτ', 'a8ac6be68b53443bbd93b229e2f9cd34', '2023-02-01', 1.52),
(193, 'Coca Cola 1,5λιτ', 'a8ac6be68b53443bbd93b229e2f9cd34', '2023-02-02', 1.49),
(193, 'Coca Cola 1,5λιτ', 'a8ac6be68b53443bbd93b229e2f9cd34', '2023-02-03', 1.51),
(5, 'Εύρηκα Λευκαντικό 60γρ', 'd41744460283406a86f8e4bd5010a66d', '2023-01-29', 0.87),
(5, 'Εύρηκα Λευκαντικό 60γρ', 'd41744460283406a86f8e4bd5010a66d', '2023-01-30', 0.81),
(5, 'Εύρηκα Λευκαντικό 60γρ', 'd41744460283406a86f8e4bd5010a66d', '2023-01-31', 0.88),
(5, 'Εύρηκα Λευκαντικό 60γρ', 'd41744460283406a86f8e4bd5010a66d', '2023-02-01', 0.82),
(5, 'Εύρηκα Λευκαντικό 60γρ', 'd41744460283406a86f8e4bd5010a66d', '2023-02-02', 0.87),
(5, 'Εύρηκα Λευκαντικό 60γρ', 'd41744460283406a86f8e4bd5010a66d', '2023-02-03', 0.86),
(10, 'Klinex Χλωρίνη Ultra Lemon 750ml', 'd41744460283406a86f8e4bd5010a66d', '2023-01-29', 1.99),
(10, 'Klinex Χλωρίνη Ultra Lemon 750ml', 'd41744460283406a86f8e4bd5010a66d', '2023-01-30', 1.97),
(10, 'Klinex Χλωρίνη Ultra Lemon 750ml', 'd41744460283406a86f8e4bd5010a66d', '2023-01-31', 1.98),
(10, 'Klinex Χλωρίνη Ultra Lemon 750ml', 'd41744460283406a86f8e4bd5010a66d', '2023-02-01', 1.96),
(10, 'Klinex Χλωρίνη Ultra Lemon 750ml', 'd41744460283406a86f8e4bd5010a66d', '2023-02-02', 1.98),
(10, 'Klinex Χλωρίνη Ultra Lemon 750ml', 'd41744460283406a86f8e4bd5010a66d', '2023-02-03', 1.93),
(14, 'Soupline Mistral Μαλακτικό Συμπ 28πλ', 'd41744460283406a86f8e4bd5010a66d', '2023-01-29', 1.96),
(14, 'Soupline Mistral Μαλακτικό Συμπ 28πλ', 'd41744460283406a86f8e4bd5010a66d', '2023-01-30', 1.97),
(14, 'Soupline Mistral Μαλακτικό Συμπ 28πλ', 'd41744460283406a86f8e4bd5010a66d', '2023-01-31', 1.93),
(14, 'Soupline Mistral Μαλακτικό Συμπ 28πλ', 'd41744460283406a86f8e4bd5010a66d', '2023-02-01', 1.9),
(14, 'Soupline Mistral Μαλακτικό Συμπ 28πλ', 'd41744460283406a86f8e4bd5010a66d', '2023-02-02', 1.88),
(14, 'Soupline Mistral Μαλακτικό Συμπ 28πλ', 'd41744460283406a86f8e4bd5010a66d', '2023-02-03', 1.89),
(34, 'Dr Beckmann Καθαρ Πλυν Ρούχ 250γρ', 'd41744460283406a86f8e4bd5010a66d', '2023-01-29', 4.09),
(34, 'Dr Beckmann Καθαρ Πλυν Ρούχ 250γρ', 'd41744460283406a86f8e4bd5010a66d', '2023-01-30', 4.21),
(34, 'Dr Beckmann Καθαρ Πλυν Ρούχ 250γρ', 'd41744460283406a86f8e4bd5010a66d', '2023-01-31', 4.12),
(34, 'Dr Beckmann Καθαρ Πλυν Ρούχ 250γρ', 'd41744460283406a86f8e4bd5010a66d', '2023-02-01', 4.01),
(34, 'Dr Beckmann Καθαρ Πλυν Ρούχ 250γρ', 'd41744460283406a86f8e4bd5010a66d', '2023-02-02', 4.03),
(34, 'Dr Beckmann Καθαρ Πλυν Ρούχ 250γρ', 'd41744460283406a86f8e4bd5010a66d', '2023-02-03', 3.98),
(35, 'Klinex Σπρέυ 4σε1 750ml', 'd41744460283406a86f8e4bd5010a66d', '2023-01-29', 2.78),
(35, 'Klinex Σπρέυ 4σε1 750ml', 'd41744460283406a86f8e4bd5010a66d', '2023-01-30', 2.88),
(35, 'Klinex Σπρέυ 4σε1 750ml', 'd41744460283406a86f8e4bd5010a66d', '2023-01-31', 2.7),
(35, 'Klinex Σπρέυ 4σε1 750ml', 'd41744460283406a86f8e4bd5010a66d', '2023-02-01', 2.77),
(35, 'Klinex Σπρέυ 4σε1 750ml', 'd41744460283406a86f8e4bd5010a66d', '2023-02-02', 2.69),
(35, 'Klinex Σπρέυ 4σε1 750ml', 'd41744460283406a86f8e4bd5010a66d', '2023-02-03', 3.01),
(23, 'Fairy Υγρό Πιάτων Ultra Κανονικό 900ml', 'd41744460283406a86f8e4bd5010a66d', '2023-01-29', 4.06),
(23, 'Fairy Υγρό Πιάτων Ultra Κανονικό 900ml', 'd41744460283406a86f8e4bd5010a66d', '2023-01-30', 4.11),
(23, 'Fairy Υγρό Πιάτων Ultra Κανονικό 900ml', 'd41744460283406a86f8e4bd5010a66d', '2023-01-31', 4.21),
(23, 'Fairy Υγρό Πιάτων Ultra Κανονικό 900ml', 'd41744460283406a86f8e4bd5010a66d', '2023-02-01', 4.14),
(23, 'Fairy Υγρό Πιάτων Ultra Κανονικό 900ml', 'd41744460283406a86f8e4bd5010a66d', '2023-02-02', 4.06),
(23, 'Fairy Υγρό Πιάτων Ultra Κανονικό 900ml', 'd41744460283406a86f8e4bd5010a66d', '2023-02-03', 4.01),
(69, 'Neomat Total Eco Απορ Σκον 14πλ 700γρ', 'd41744460283406a86f8e4bd5010a66d', '2023-01-29', 2.97),
(69, 'Neomat Total Eco Απορ Σκον 14πλ 700γρ', 'd41744460283406a86f8e4bd5010a66d', '2023-01-30', 2.97),
(69, 'Neomat Total Eco Απορ Σκον 14πλ 700γρ', 'd41744460283406a86f8e4bd5010a66d', '2023-01-31', 2.98),
(69, 'Neomat Total Eco Απορ Σκον 14πλ 700γρ', 'd41744460283406a86f8e4bd5010a66d', '2023-02-01', 2.97),
(69, 'Neomat Total Eco Απορ Σκον 14πλ 700γρ', 'd41744460283406a86f8e4bd5010a66d', '2023-02-02', 2.96),
(69, 'Neomat Total Eco Απορ Σκον 14πλ 700γρ', 'd41744460283406a86f8e4bd5010a66d', '2023-02-03', 2.97),
(74, 'Svelto Gel Υγρό Πιάτων Λεμόνι 500ml', 'd41744460283406a86f8e4bd5010a66d', '2023-01-29', 1.63),
(74, 'Svelto Gel Υγρό Πιάτων Λεμόνι 500ml', 'd41744460283406a86f8e4bd5010a66d', '2023-01-30', 1.65),
(74, 'Svelto Gel Υγρό Πιάτων Λεμόνι 500ml', 'd41744460283406a86f8e4bd5010a66d', '2023-01-31', 1.7),
(74, 'Svelto Gel Υγρό Πιάτων Λεμόνι 500ml', 'd41744460283406a86f8e4bd5010a66d', '2023-02-01', 1.59),
(74, 'Svelto Gel Υγρό Πιάτων Λεμόνι 500ml', 'd41744460283406a86f8e4bd5010a66d', '2023-02-02', 1.62),
(74, 'Svelto Gel Υγρό Πιάτων Λεμόνι 500ml', 'd41744460283406a86f8e4bd5010a66d', '2023-02-03', 1.62),
(107, 'Εύρηκα Σκόνη Antikalk 54γρ', 'd41744460283406a86f8e4bd5010a66d', '2023-01-29', 0.78),
(107, 'Εύρηκα Σκόνη Antikalk 54γρ', 'd41744460283406a86f8e4bd5010a66d', '2023-01-30', 0.79),
(107, 'Εύρηκα Σκόνη Antikalk 54γρ', 'd41744460283406a86f8e4bd5010a66d', '2023-01-31', 1.75),
(107, 'Εύρηκα Σκόνη Antikalk 54γρ', 'd41744460283406a86f8e4bd5010a66d', '2023-02-01', 0.78),
(107, 'Εύρηκα Σκόνη Antikalk 54γρ', 'd41744460283406a86f8e4bd5010a66d', '2023-02-02', 0.77),
(107, 'Εύρηκα Σκόνη Antikalk 54γρ', 'd41744460283406a86f8e4bd5010a66d', '2023-02-03', 0.78),
(128, 'Neomat Υγρό Απορρυπαντικό Ρούχων Τριαντάφυλλο 62μεζ', 'd41744460283406a86f8e4bd5010a66d', '2023-01-29', 7.99),
(128, 'Neomat Υγρό Απορρυπαντικό Ρούχων Τριαντάφυλλο 62μεζ', 'd41744460283406a86f8e4bd5010a66d', '2023-01-30', 7.99),
(128, 'Neomat Υγρό Απορρυπαντικό Ρούχων Τριαντάφυλλο 62μεζ', 'd41744460283406a86f8e4bd5010a66d', '2023-01-31', 7.99),
(128, 'Neomat Υγρό Απορρυπαντικό Ρούχων Τριαντάφυλλο 62μεζ', 'd41744460283406a86f8e4bd5010a66d', '2023-02-01', 7.99),
(128, 'Neomat Υγρό Απορρυπαντικό Ρούχων Τριαντάφυλλο 62μεζ', 'd41744460283406a86f8e4bd5010a66d', '2023-02-02', 7.99),
(128, 'Neomat Υγρό Απορρυπαντικό Ρούχων Τριαντάφυλλο 62μεζ', 'd41744460283406a86f8e4bd5010a66d', '2023-02-03', 7.99),
(2, 'Κύκνος Τομάτες Αποφλ Ολoκλ 400γρ', 'ee0022e7b1b34eb2b834ea334cda52e7', '2023-01-29', 1.21),
(2, 'Κύκνος Τομάτες Αποφλ Ολoκλ 400γρ', 'ee0022e7b1b34eb2b834ea334cda52e7', '2023-01-30', 1.22),
(2, 'Κύκνος Τομάτες Αποφλ Ολoκλ 400γρ', 'ee0022e7b1b34eb2b834ea334cda52e7', '2023-01-31', 1.24),
(2, 'Κύκνος Τομάτες Αποφλ Ολoκλ 400γρ', 'ee0022e7b1b34eb2b834ea334cda52e7', '2023-02-01', 1.22),
(2, 'Κύκνος Τομάτες Αποφλ Ολoκλ 400γρ', 'ee0022e7b1b34eb2b834ea334cda52e7', '2023-02-02', 1.24),
(2, 'Κύκνος Τομάτες Αποφλ Ολoκλ 400γρ', 'ee0022e7b1b34eb2b834ea334cda52e7', '2023-02-03', 1.28),
(160, 'Pummaro Χυμός Τομάτα 500γρ', 'ee0022e7b1b34eb2b834ea334cda52e7', '2023-01-29', 0.86),
(160, 'Pummaro Χυμός Τομάτα 500γρ', 'ee0022e7b1b34eb2b834ea334cda52e7', '2023-01-30', 0.86),
(160, 'Pummaro Χυμός Τομάτα 500γρ', 'ee0022e7b1b34eb2b834ea334cda52e7', '2023-01-31', 0.89),
(160, 'Pummaro Χυμός Τομάτα 500γρ', 'ee0022e7b1b34eb2b834ea334cda52e7', '2023-02-01', 0.91),
(160, 'Pummaro Χυμός Τομάτα 500γρ', 'ee0022e7b1b34eb2b834ea334cda52e7', '2023-02-02', 0.86),
(160, 'Pummaro Χυμός Τομάτα 500γρ', 'ee0022e7b1b34eb2b834ea334cda52e7', '2023-02-03', 0.82),
(171, 'Κύκνος Τοματά Τριμμενη 500γρ', 'ee0022e7b1b34eb2b834ea334cda52e7', '2023-01-29', 1.12),
(171, 'Κύκνος Τοματά Τριμμενη 500γρ', 'ee0022e7b1b34eb2b834ea334cda52e7', '2023-01-30', 1.05),
(171, 'Κύκνος Τοματά Τριμμενη 500γρ', 'ee0022e7b1b34eb2b834ea334cda52e7', '2023-01-31', 1.05),
(171, 'Κύκνος Τοματά Τριμμενη 500γρ', 'ee0022e7b1b34eb2b834ea334cda52e7', '2023-02-01', 1.09),
(171, 'Κύκνος Τοματά Τριμμενη 500γρ', 'ee0022e7b1b34eb2b834ea334cda52e7', '2023-02-02', 1.07),
(171, 'Κύκνος Τοματά Τριμμενη 500γρ', 'ee0022e7b1b34eb2b834ea334cda52e7', '2023-02-03', 1.05),
(173, 'Κύκνος Τομάτα Ψιλ 400γρ', 'ee0022e7b1b34eb2b834ea334cda52e7', '2023-01-29', 1.28),
(173, 'Κύκνος Τομάτα Ψιλ 400γρ', 'ee0022e7b1b34eb2b834ea334cda52e7', '2023-01-30', 1.3),
(173, 'Κύκνος Τομάτα Ψιλ 400γρ', 'ee0022e7b1b34eb2b834ea334cda52e7', '2023-01-31', 1.28),
(173, 'Κύκνος Τομάτα Ψιλ 400γρ', 'ee0022e7b1b34eb2b834ea334cda52e7', '2023-02-01', 1.33),
(173, 'Κύκνος Τομάτα Ψιλ 400γρ', 'ee0022e7b1b34eb2b834ea334cda52e7', '2023-02-02', 1.3),
(173, 'Κύκνος Τομάτα Ψιλ 400γρ', 'ee0022e7b1b34eb2b834ea334cda52e7', '2023-02-03', 1.29),
(403, 'Pummaro Ψιλοκ Τοματ Κλασ 400γρ', 'ee0022e7b1b34eb2b834ea334cda52e7', '2023-01-29', 1.19),
(403, 'Pummaro Ψιλοκ Τοματ Κλασ 400γρ', 'ee0022e7b1b34eb2b834ea334cda52e7', '2023-01-30', 1.14),
(403, 'Pummaro Ψιλοκ Τοματ Κλασ 400γρ', 'ee0022e7b1b34eb2b834ea334cda52e7', '2023-01-31', 1.07),
(403, 'Pummaro Ψιλοκ Τοματ Κλασ 400γρ', 'ee0022e7b1b34eb2b834ea334cda52e7', '2023-02-01', 1.12),
(403, 'Pummaro Ψιλοκ Τοματ Κλασ 400γρ', 'ee0022e7b1b34eb2b834ea334cda52e7', '2023-02-02', 1.19),
(403, 'Pummaro Ψιλοκ Τοματ Κλασ 400γρ', 'ee0022e7b1b34eb2b834ea334cda52e7', '2023-02-03', 1.15),
(25, 'Elite Φρυγανιές Σταριού Κουτί 250γρ', 'ee0022e7b1b34eb2b834ea334cda52e7', '2023-01-29', 1.43),
(25, 'Elite Φρυγανιές Σταριού Κουτί 250γρ', 'ee0022e7b1b34eb2b834ea334cda52e7', '2023-01-30', 1.41),
(25, 'Elite Φρυγανιές Σταριού Κουτί 250γρ', 'ee0022e7b1b34eb2b834ea334cda52e7', '2023-01-31', 1.37),
(25, 'Elite Φρυγανιές Σταριού Κουτί 250γρ', 'ee0022e7b1b34eb2b834ea334cda52e7', '2023-02-01', 1.32),
(25, 'Elite Φρυγανιές Σταριού Κουτί 250γρ', 'ee0022e7b1b34eb2b834ea334cda52e7', '2023-02-02', 1.39),
(25, 'Elite Φρυγανιές Σταριού Κουτί 250γρ', 'ee0022e7b1b34eb2b834ea334cda52e7', '2023-02-03', 1.4),
(243, 'Παπαδοπούλου Τριμμα Φρυγανιας Τριμμα 180γρ', 'ee0022e7b1b34eb2b834ea334cda52e7', '2023-01-29', 0.83),
(243, 'Παπαδοπούλου Τριμμα Φρυγανιας Τριμμα 180γρ', 'ee0022e7b1b34eb2b834ea334cda52e7', '2023-01-30', 0.84),
(243, 'Παπαδοπούλου Τριμμα Φρυγανιας Τριμμα 180γρ', 'ee0022e7b1b34eb2b834ea334cda52e7', '2023-01-31', 0.82),
(243, 'Παπαδοπούλου Τριμμα Φρυγανιας Τριμμα 180γρ', 'ee0022e7b1b34eb2b834ea334cda52e7', '2023-02-01', 0.81),
(243, 'Παπαδοπούλου Τριμμα Φρυγανιας Τριμμα 180γρ', 'ee0022e7b1b34eb2b834ea334cda52e7', '2023-02-02', 0.83),
(243, 'Παπαδοπούλου Τριμμα Φρυγανιας Τριμμα 180γρ', 'ee0022e7b1b34eb2b834ea334cda52e7', '2023-02-03', 0.87),
(515, 'Elite Φρυγανιά Τρίμμα 180γρ', 'ee0022e7b1b34eb2b834ea334cda52e7', '2023-01-29', 1.01),
(515, 'Elite Φρυγανιά Τρίμμα 180γρ', 'ee0022e7b1b34eb2b834ea334cda52e7', '2023-01-30', 1.02),
(515, 'Elite Φρυγανιά Τρίμμα 180γρ', 'ee0022e7b1b34eb2b834ea334cda52e7', '2023-01-31', 0.99),
(515, 'Elite Φρυγανιά Τρίμμα 180γρ', 'ee0022e7b1b34eb2b834ea334cda52e7', '2023-02-01', 1.03),
(515, 'Elite Φρυγανιά Τρίμμα 180γρ', 'ee0022e7b1b34eb2b834ea334cda52e7', '2023-02-02', 1.04),
(515, 'Elite Φρυγανιά Τρίμμα 180γρ', 'ee0022e7b1b34eb2b834ea334cda52e7', '2023-02-03', 0.98),
(626, 'Παπαδοπούλου Φρυγανιές Χωριάτικες Ολικής Άλεσης 240γρ', 'ee0022e7b1b34eb2b834ea334cda52e7', '2023-01-29', 2.12),
(626, 'Παπαδοπούλου Φρυγανιές Χωριάτικες Ολικής Άλεσης 240γρ', 'ee0022e7b1b34eb2b834ea334cda52e7', '2023-01-30', 2.15),
(626, 'Παπαδοπούλου Φρυγανιές Χωριάτικες Ολικής Άλεσης 240γρ', 'ee0022e7b1b34eb2b834ea334cda52e7', '2023-01-31', 2.09),
(626, 'Παπαδοπούλου Φρυγανιές Χωριάτικες Ολικής Άλεσης 240γρ', 'ee0022e7b1b34eb2b834ea334cda52e7', '2023-02-01', 2.12),
(626, 'Παπαδοπούλου Φρυγανιές Χωριάτικες Ολικής Άλεσης 240γρ', 'ee0022e7b1b34eb2b834ea334cda52e7', '2023-02-02', 2.12),
(626, 'Παπαδοπούλου Φρυγανιές Χωριάτικες Ολικής Άλεσης 240γρ', 'ee0022e7b1b34eb2b834ea334cda52e7', '2023-02-03', 2.1),
(666, 'Elite Φρυγανιές Ολικής Άλεσης 180γρ', 'ee0022e7b1b34eb2b834ea334cda52e7', '2023-01-29', 1.31),
(666, 'Elite Φρυγανιές Ολικής Άλεσης 180γρ', 'ee0022e7b1b34eb2b834ea334cda52e7', '2023-01-30', 1.29),
(666, 'Elite Φρυγανιές Ολικής Άλεσης 180γρ', 'ee0022e7b1b34eb2b834ea334cda52e7', '2023-01-31', 1.35),
(666, 'Elite Φρυγανιές Ολικής Άλεσης 180γρ', 'ee0022e7b1b34eb2b834ea334cda52e7', '2023-02-01', 1.32),
(666, 'Elite Φρυγανιές Ολικής Άλεσης 180γρ', 'ee0022e7b1b34eb2b834ea334cda52e7', '2023-02-02', 1.35),
(666, 'Elite Φρυγανιές Ολικής Άλεσης 180γρ', 'ee0022e7b1b34eb2b834ea334cda52e7', '2023-02-03', 1.38),
(209, 'Nutricia Biskotti 180γρ', '8016e637b54241f8ad242ed1699bf2da', '2023-01-23', 2.13),
(209, 'Nutricia Biskotti 180γρ', '8016e637b54241f8ad242ed1699bf2da', '2023-01-24', 2.15),
(209, 'Nutricia Biskotti 180γρ', '8016e637b54241f8ad242ed1699bf2da', '2023-01-25', 2.13),
(209, 'Nutricia Biskotti 180γρ', '8016e637b54241f8ad242ed1699bf2da', '2023-01-26', 2.15),
(209, 'Nutricia Biskotti 180γρ', '8016e637b54241f8ad242ed1699bf2da', '2023-01-27', 1),
(209, 'Nutricia Biskotti 180γρ', '8016e637b54241f8ad242ed1699bf2da', '2023-01-28', 2.14),
(313, 'Nutricia Biskotti Ζωάκια 180γρ', '8016e637b54241f8ad242ed1699bf2da', '2023-01-23', 2.46),
(313, 'Nutricia Biskotti Ζωάκια 180γρ', '8016e637b54241f8ad242ed1699bf2da', '2023-01-24', 2.45),
(313, 'Nutricia Biskotti Ζωάκια 180γρ', '8016e637b54241f8ad242ed1699bf2da', '2023-01-25', 2.43),
(313, 'Nutricia Biskotti Ζωάκια 180γρ', '8016e637b54241f8ad242ed1699bf2da', '2023-01-26', 2.46),
(313, 'Nutricia Biskotti Ζωάκια 180γρ', '8016e637b54241f8ad242ed1699bf2da', '2023-01-27', 2.46),
(313, 'Nutricia Biskotti Ζωάκια 180γρ', '8016e637b54241f8ad242ed1699bf2da', '2023-01-28', 2.46),
(67, 'Γιώτης Μπισκοτόκρεμα 300γρ', '8016e637b54241f8ad242ed1699bf2da', '2023-01-23', 4.76),
(67, 'Γιώτης Μπισκοτόκρεμα 300γρ', '8016e637b54241f8ad242ed1699bf2da', '2023-01-24', 4.83),
(67, 'Γιώτης Μπισκοτόκρεμα 300γρ', '8016e637b54241f8ad242ed1699bf2da', '2023-01-25', 4.94),
(67, 'Γιώτης Μπισκοτόκρεμα 300γρ', '8016e637b54241f8ad242ed1699bf2da', '2023-01-26', 5.18),
(67, 'Γιώτης Μπισκοτόκρεμα 300γρ', '8016e637b54241f8ad242ed1699bf2da', '2023-01-27', 5.14),
(67, 'Γιώτης Μπισκοτόκρεμα 300γρ', '8016e637b54241f8ad242ed1699bf2da', '2023-01-28', 5.1),
(126, 'Γιώτης Φρουτόκρεμα 5 Φρούτα 300γρ', '8016e637b54241f8ad242ed1699bf2da', '2023-01-23', 4.76),
(126, 'Γιώτης Φρουτόκρεμα 5 Φρούτα 300γρ', '8016e637b54241f8ad242ed1699bf2da', '2023-01-24', 4.83),
(126, 'Γιώτης Φρουτόκρεμα 5 Φρούτα 300γρ', '8016e637b54241f8ad242ed1699bf2da', '2023-01-25', 4.94),
(126, 'Γιώτης Φρουτόκρεμα 5 Φρούτα 300γρ', '8016e637b54241f8ad242ed1699bf2da', '2023-01-26', 5.18),
(126, 'Γιώτης Φρουτόκρεμα 5 Φρούτα 300γρ', '8016e637b54241f8ad242ed1699bf2da', '2023-01-27', 5.14),
(126, 'Γιώτης Φρουτόκρεμα 5 Φρούτα 300γρ', '8016e637b54241f8ad242ed1699bf2da', '2023-01-28', 5.1),
(308, 'Γιώτης Κρέμα Παιδικη Φαρίν Λακτέ Μπισκότο 300γρ', '8016e637b54241f8ad242ed1699bf2da', '2023-01-23', 3.72),
(308, 'Γιώτης Κρέμα Παιδικη Φαρίν Λακτέ Μπισκότο 300γρ', '8016e637b54241f8ad242ed1699bf2da', '2023-01-24', 3.87),
(308, 'Γιώτης Κρέμα Παιδικη Φαρίν Λακτέ Μπισκότο 300γρ', '8016e637b54241f8ad242ed1699bf2da', '2023-01-25', 3.78),
(308, 'Γιώτης Κρέμα Παιδικη Φαρίν Λακτέ Μπισκότο 300γρ', '8016e637b54241f8ad242ed1699bf2da', '2023-01-26', 4.08),
(308, 'Γιώτης Κρέμα Παιδικη Φαρίν Λακτέ Μπισκότο 300γρ', '8016e637b54241f8ad242ed1699bf2da', '2023-01-27', 4.11),
(308, 'Γιώτης Κρέμα Παιδικη Φαρίν Λακτέ Μπισκότο 300γρ', '8016e637b54241f8ad242ed1699bf2da', '2023-01-28', 3.97),
(104, 'Libero Swimpants Πάνες Small 7-12κιλ 6τεμ', '8016e637b54241f8ad242ed1699bf2da', '2023-01-23', 4.16),
(104, 'Libero Swimpants Πάνες Small 7-12κιλ 6τεμ', '8016e637b54241f8ad242ed1699bf2da', '2023-01-24', 4.29),
(104, 'Libero Swimpants Πάνες Small 7-12κιλ 6τεμ', '8016e637b54241f8ad242ed1699bf2da', '2023-01-25', 4.29),
(104, 'Libero Swimpants Πάνες Small 7-12κιλ 6τεμ', '8016e637b54241f8ad242ed1699bf2da', '2023-01-26', 4.31),
(104, 'Libero Swimpants Πάνες Small 7-12κιλ 6τεμ', '8016e637b54241f8ad242ed1699bf2da', '2023-01-27', 4.29),
(104, 'Libero Swimpants Πάνες Small 7-12κιλ 6τεμ', '8016e637b54241f8ad242ed1699bf2da', '2023-01-28', 4.29),
(113, 'Pampers Prem Care No5 11-18κιλ 30τεμ', '8016e637b54241f8ad242ed1699bf2da', '2023-01-23', 10),
(113, 'Pampers Prem Care No5 11-18κιλ 30τεμ', '8016e637b54241f8ad242ed1699bf2da', '2023-01-24', 10),
(113, 'Pampers Prem Care No5 11-18κιλ 30τεμ', '8016e637b54241f8ad242ed1699bf2da', '2023-01-25', 10),
(113, 'Pampers Prem Care No5 11-18κιλ 30τεμ', '8016e637b54241f8ad242ed1699bf2da', '2023-01-26', 10.66),
(113, 'Pampers Prem Care No5 11-18κιλ 30τεμ', '8016e637b54241f8ad242ed1699bf2da', '2023-01-27', 10.66),
(113, 'Pampers Prem Care No5 11-18κιλ 30τεμ', '8016e637b54241f8ad242ed1699bf2da', '2023-01-28', 12.49),
(122, 'Pampers Πάνες Premium Care Νο 2 4-8κιλ 23τεμ', '8016e637b54241f8ad242ed1699bf2da', '2023-01-23', 11.4),
(122, 'Pampers Πάνες Premium Care Νο 2 4-8κιλ 23τεμ', '8016e637b54241f8ad242ed1699bf2da', '2023-01-24', 10.14),
(122, 'Pampers Πάνες Premium Care Νο 2 4-8κιλ 23τεμ', '8016e637b54241f8ad242ed1699bf2da', '2023-01-25', 9.85),
(122, 'Pampers Πάνες Premium Care Νο 2 4-8κιλ 23τεμ', '8016e637b54241f8ad242ed1699bf2da', '2023-01-26', 10.14),
(122, 'Pampers Πάνες Premium Care Νο 2 4-8κιλ 23τεμ', '8016e637b54241f8ad242ed1699bf2da', '2023-01-27', 9.69),
(122, 'Pampers Πάνες Premium Care Νο 2 4-8κιλ 23τεμ', '8016e637b54241f8ad242ed1699bf2da', '2023-01-28', 9.43),
(149, 'Babylino Sensitive No1 2-5κιλ 28τεμ', '8016e637b54241f8ad242ed1699bf2da', '2023-01-23', 5.47),
(149, 'Babylino Sensitive No1 2-5κιλ 28τεμ', '8016e637b54241f8ad242ed1699bf2da', '2023-01-24', 5.09),
(149, 'Babylino Sensitive No1 2-5κιλ 28τεμ', '8016e637b54241f8ad242ed1699bf2da', '2023-01-25', 5.41),
(149, 'Babylino Sensitive No1 2-5κιλ 28τεμ', '8016e637b54241f8ad242ed1699bf2da', '2023-01-26', 5.5),
(149, 'Babylino Sensitive No1 2-5κιλ 28τεμ', '8016e637b54241f8ad242ed1699bf2da', '2023-01-27', 5.08),
(149, 'Babylino Sensitive No1 2-5κιλ 28τεμ', '8016e637b54241f8ad242ed1699bf2da', '2023-01-28', 5.77),
(300, 'Pampers Active Baby No5 11-16κιλ 51τεμ', '8016e637b54241f8ad242ed1699bf2da', '2023-01-23', 8.34),
(300, 'Pampers Active Baby No5 11-16κιλ 51τεμ', '8016e637b54241f8ad242ed1699bf2da', '2023-01-24', 8.34),
(300, 'Pampers Active Baby No5 11-16κιλ 51τεμ', '8016e637b54241f8ad242ed1699bf2da', '2023-01-25', 9.27),
(300, 'Pampers Active Baby No5 11-16κιλ 51τεμ', '8016e637b54241f8ad242ed1699bf2da', '2023-01-26', 9.21),
(300, 'Pampers Active Baby No5 11-16κιλ 51τεμ', '8016e637b54241f8ad242ed1699bf2da', '2023-01-27', 8.81),
(300, 'Pampers Active Baby No5 11-16κιλ 51τεμ', '8016e637b54241f8ad242ed1699bf2da', '2023-01-28', 4.99),
(20, 'Everyday Σερβ Super/Ultra Plus Sens 10τεμ', '8e8117f7d9d64cf1a931a351eb15bd69', '2023-01-23', 2.17),
(20, 'Everyday Σερβ Super/Ultra Plus Sens 10τεμ', '8e8117f7d9d64cf1a931a351eb15bd69', '2023-01-24', 2.34),
(20, 'Everyday Σερβ Super/Ultra Plus Sens 10τεμ', '8e8117f7d9d64cf1a931a351eb15bd69', '2023-01-25', 2.41),
(20, 'Everyday Σερβ Super/Ultra Plus Sens 10τεμ', '8e8117f7d9d64cf1a931a351eb15bd69', '2023-01-26', 2.57),
(20, 'Everyday Σερβ Super/Ultra Plus Sens 10τεμ', '8e8117f7d9d64cf1a931a351eb15bd69', '2023-01-27', 2.66),
(20, 'Everyday Σερβ Super/Ultra Plus Sens 10τεμ', '8e8117f7d9d64cf1a931a351eb15bd69', '2023-01-28', 2.22),
(31, 'Everyday Σερβ Extr Long/Ultra Plus Hyp 10τεμ', '8e8117f7d9d64cf1a931a351eb15bd69', '2023-01-23', 2.76),
(31, 'Everyday Σερβ Extr Long/Ultra Plus Hyp 10τεμ', '8e8117f7d9d64cf1a931a351eb15bd69', '2023-01-24', 2.78),
(31, 'Everyday Σερβ Extr Long/Ultra Plus Hyp 10τεμ', '8e8117f7d9d64cf1a931a351eb15bd69', '2023-01-25', 2.9),
(31, 'Everyday Σερβ Extr Long/Ultra Plus Hyp 10τεμ', '8e8117f7d9d64cf1a931a351eb15bd69', '2023-01-26', 2.79),
(31, 'Everyday Σερβ Extr Long/Ultra Plus Hyp 10τεμ', '8e8117f7d9d64cf1a931a351eb15bd69', '2023-01-27', 3.03),
(31, 'Everyday Σερβ Extr Long/Ultra Plus Hyp 10τεμ', '8e8117f7d9d64cf1a931a351eb15bd69', '2023-01-28', 2.93),
(96, 'Everyday Σερβ Maxi Nig/Ultra Plus Hyp 18τεμ', '8e8117f7d9d64cf1a931a351eb15bd69', '2023-01-23', 2.65),
(96, 'Everyday Σερβ Maxi Nig/Ultra Plus Hyp 18τεμ', '8e8117f7d9d64cf1a931a351eb15bd69', '2023-01-24', 2.62),
(96, 'Everyday Σερβ Maxi Nig/Ultra Plus Hyp 18τεμ', '8e8117f7d9d64cf1a931a351eb15bd69', '2023-01-25', 2.64),
(96, 'Everyday Σερβ Maxi Nig/Ultra Plus Hyp 18τεμ', '8e8117f7d9d64cf1a931a351eb15bd69', '2023-01-26', 2.69),
(96, 'Everyday Σερβ Maxi Nig/Ultra Plus Hyp 18τεμ', '8e8117f7d9d64cf1a931a351eb15bd69', '2023-01-27', 2.62),
(96, 'Everyday Σερβ Maxi Nig/Ultra Plus Hyp 18τεμ', '8e8117f7d9d64cf1a931a351eb15bd69', '2023-01-28', 2.64),
(261, 'Everyday Σερβ Maxi Nig/Ultra Plus Hyp 18τεμ', '8e8117f7d9d64cf1a931a351eb15bd69', '2023-01-23', 2.06),
(261, 'Libresse Σερβ Goodnight Clip 10τεμ', '8e8117f7d9d64cf1a931a351eb15bd69', '2023-01-24', 2.02),
(261, 'Libresse Σερβ Goodnight Clip 10τεμ', '8e8117f7d9d64cf1a931a351eb15bd69', '2023-01-25', 2.05),
(261, 'Libresse Σερβ Goodnight Clip 10τεμ', '8e8117f7d9d64cf1a931a351eb15bd69', '2023-01-26', 2.06),
(261, 'Libresse Σερβ Goodnight Clip 10τεμ', '8e8117f7d9d64cf1a931a351eb15bd69', '2023-01-27', 2.2),
(261, 'Libresse Σερβ Goodnight Clip 10τεμ', '8e8117f7d9d64cf1a931a351eb15bd69', '2023-01-28', 2.13),
(573, 'Always Σερβ Ultra Platinum Night 6τεμ', '8e8117f7d9d64cf1a931a351eb15bd69', '2023-01-23', 2.06),
(573, 'Always Σερβ Ultra Platinum Night 6τεμ', '8e8117f7d9d64cf1a931a351eb15bd69', '2023-01-24', 2.02),
(573, 'Always Σερβ Ultra Platinum Night 6τεμ', '8e8117f7d9d64cf1a931a351eb15bd69', '2023-01-25', 2.05),
(573, 'Always Σερβ Ultra Platinum Night 6τεμ', '8e8117f7d9d64cf1a931a351eb15bd69', '2023-01-26', 2.06),
(573, 'Always Σερβ Ultra Platinum Night 6τεμ', '8e8117f7d9d64cf1a931a351eb15bd69', '2023-01-27', 2.2),
(573, 'Always Σερβ Ultra Platinum Night 6τεμ', '8e8117f7d9d64cf1a931a351eb15bd69', '2023-01-28', 2.13),
(94, 'Orzene Σαμπουάν Μπύρας Κανον 400ml', '8e8117f7d9d64cf1a931a351eb15bd69', '2023-01-23', 3.87),
(94, 'Orzene Σαμπουάν Μπύρας Κανον 400ml', '8e8117f7d9d64cf1a931a351eb15bd69', '2023-01-24', 4.25),
(94, 'Orzene Σαμπουάν Μπύρας Κανον 400ml', '8e8117f7d9d64cf1a931a351eb15bd69', '2023-01-25', 3.89),
(94, 'Orzene Σαμπουάν Μπύρας Κανον 400ml', '8e8117f7d9d64cf1a931a351eb15bd69', '2023-01-26', 4.25),
(94, 'Orzene Σαμπουάν Μπύρας Κανον 400ml', '8e8117f7d9d64cf1a931a351eb15bd69', '2023-01-27', 4.21),
(94, 'Orzene Σαμπουάν Μπύρας Κανον 400ml', '8e8117f7d9d64cf1a931a351eb15bd69', '2023-01-28', 5.1),
(591, 'Palmolive Αφρόλ Natural Αμυγδ 650ml', '8e8117f7d9d64cf1a931a351eb15bd69', '2023-01-23', 2.75),
(591, 'Palmolive Αφρόλ Natural Αμυγδ 650ml', '8e8117f7d9d64cf1a931a351eb15bd69', '2023-01-24', 2.8),
(591, 'Palmolive Αφρόλ Natural Αμυγδ 650ml', '8e8117f7d9d64cf1a931a351eb15bd69', '2023-01-25', 2.94),
(591, 'Palmolive Αφρόλ Natural Αμυγδ 650ml', '8e8117f7d9d64cf1a931a351eb15bd69', '2023-01-26', 2.8),
(591, 'Palmolive Αφρόλ Natural Αμυγδ 650ml', '8e8117f7d9d64cf1a931a351eb15bd69', '2023-01-27', 3.02),
(591, 'Palmolive Αφρόλ Natural Αμυγδ 650ml', '8e8117f7d9d64cf1a931a351eb15bd69', '2023-01-28', 2.8),
(686, 'Noxzema Αφρόλ Talc 750ml', '8e8117f7d9d64cf1a931a351eb15bd69', '2023-01-23', 4.03),
(686, 'Noxzema Αφρόλ Talc 750ml', '8e8117f7d9d64cf1a931a351eb15bd69', '2023-01-24', 4.32),
(686, 'Noxzema Αφρόλ Talc 750ml', '8e8117f7d9d64cf1a931a351eb15bd69', '2023-01-25', 4.88),
(686, 'Noxzema Αφρόλ Talc 750ml', '8e8117f7d9d64cf1a931a351eb15bd69', '2023-01-26', 3.56),
(686, 'Noxzema Αφρόλ Talc 750ml', '8e8117f7d9d64cf1a931a351eb15bd69', '2023-01-27', 4.53),
(686, 'Noxzema Αφρόλ Talc 750ml', '8e8117f7d9d64cf1a931a351eb15bd69', '2023-01-28', 3.95),
(737, 'Fa Αφρόλ Yoghurt Van Honey 750m', '8e8117f7d9d64cf1a931a351eb15bd69', '2023-01-23', 3.34),
(737, 'Fa Αφρόλ Yoghurt Van Honey 750m', '8e8117f7d9d64cf1a931a351eb15bd69', '2023-01-24', 3.43),
(737, 'Fa Αφρόλ Yoghurt Van Honey 750m', '8e8117f7d9d64cf1a931a351eb15bd69', '2023-01-25', 3.45),
(737, 'Fa Αφρόλ Yoghurt Van Honey 750m', '8e8117f7d9d64cf1a931a351eb15bd69', '2023-01-26', 3.11),
(737, 'Fa Αφρόλ Yoghurt Van Honey 750m', '8e8117f7d9d64cf1a931a351eb15bd69', '2023-01-27', 3.23),
(737, 'Fa Αφρόλ Yoghurt Van Honey 750m', '8e8117f7d9d64cf1a931a351eb15bd69', '2023-01-28', 3.47),
(767, 'Lux Aφρόλ Magical Beauty 700ml', '8e8117f7d9d64cf1a931a351eb15bd69', '2023-01-23', 3.74),
(767, 'Lux Aφρόλ Magical Beauty 700mlm', '8e8117f7d9d64cf1a931a351eb15bd69', '2023-01-24', 3.43),
(767, 'Lux Aφρόλ Magical Beauty 700ml', '8e8117f7d9d64cf1a931a351eb15bd69', '2023-01-25', 3.92),
(767, 'Lux Aφρόλ Magical Beauty 700ml', '8e8117f7d9d64cf1a931a351eb15bd69', '2023-01-26', 3.11),
(767, 'Lux Aφρόλ Magical Beauty 700ml', '8e8117f7d9d64cf1a931a351eb15bd69', '2023-01-27', 3.46),
(767, 'Lux Aφρόλ Magical Beauty 700ml', '8e8117f7d9d64cf1a931a351eb15bd69', '2023-01-28', 4.21),
(7, 'Sprite 330ml', 'a8ac6be68b53443bbd93b229e2f9cd34', '2023-01-23', 0.59),
(7, 'Sprite 330ml', 'a8ac6be68b53443bbd93b229e2f9cd34', '2023-01-24', 0.61),
(7, 'Sprite 330ml', 'a8ac6be68b53443bbd93b229e2f9cd34', '2023-01-25', 0.59),
(7, 'Sprite 330ml', 'a8ac6be68b53443bbd93b229e2f9cd34', '2023-01-26', 0.63),
(7, 'Sprite 330ml', 'a8ac6be68b53443bbd93b229e2f9cd34', '2023-01-27', 0.65),
(7, 'Sprite 330ml', 'a8ac6be68b53443bbd93b229e2f9cd34', '2023-01-28', 0.6),
(194, 'Heineken Μπύρα 6X330ml', 'a8ac6be68b53443bbd93b229e2f9cd34', '2023-01-23', 0.59),
(194, 'Heineken Μπύρα 6X330ml', 'a8ac6be68b53443bbd93b229e2f9cd34', '2023-01-24', 0.61),
(194, 'Heineken Μπύρα 6X330ml', 'a8ac6be68b53443bbd93b229e2f9cd34', '2023-01-25', 0.59),
(194, 'Heineken Μπύρα 6X330ml', 'a8ac6be68b53443bbd93b229e2f9cd34', '2023-01-26', 0.63),
(194, 'Heineken Μπύρα 6X330ml', 'a8ac6be68b53443bbd93b229e2f9cd34', '2023-01-27', 0.65),
(194, 'Heineken Μπύρα 6X330ml', 'a8ac6be68b53443bbd93b229e2f9cd34', '2023-01-28', 0.6),
(383, 'Heineken Μπύρα Premium Lager 500ml', 'a8ac6be68b53443bbd93b229e2f9cd34', '2023-01-23', 0.59),
(383, 'Heineken Μπύρα Premium Lager 500ml', 'a8ac6be68b53443bbd93b229e2f9cd34', '2023-01-24', 0.61),
(383, 'Heineken Μπύρα Premium Lager 500ml', 'a8ac6be68b53443bbd93b229e2f9cd34', '2023-01-25', 0.59),
(383, 'Heineken Μπύρα Premium Lager 500ml', 'a8ac6be68b53443bbd93b229e2f9cd34', '2023-01-26', 0.63),
(383, 'Heineken Μπύρα Premium Lager 500ml', 'a8ac6be68b53443bbd93b229e2f9cd34', '2023-01-27', 0.65),
(383, 'Heineken Μπύρα Premium Lager 500ml', 'a8ac6be68b53443bbd93b229e2f9cd34', '2023-01-28', 0.6),
(426, 'Stella Artois Μπύρα 330ml', 'a8ac6be68b53443bbd93b229e2f9cd34', '2023-01-23', 0.59),
(426, 'Stella Artois Μπύρα 330ml', 'a8ac6be68b53443bbd93b229e2f9cd34', '2023-01-24', 0.61),
(426, 'Stella Artois Μπύρα 330ml', 'a8ac6be68b53443bbd93b229e2f9cd34', '2023-01-25', 0.59),
(426, 'Stella Artois Μπύρα 330ml', 'a8ac6be68b53443bbd93b229e2f9cd34', '2023-01-26', 0.63),
(426, 'Stella Artois Μπύρα 330ml', 'a8ac6be68b53443bbd93b229e2f9cd34', '2023-01-27', 0.65),
(426, 'Stella Artois Μπύρα 330ml', 'a8ac6be68b53443bbd93b229e2f9cd34', '2023-01-28', 0.6),
(472, 'Amstel Μπύρα Premium Quality 0,5λιτ', 'a8ac6be68b53443bbd93b229e2f9cd34', '2023-01-23', 0.59),
(472, 'Amstel Μπύρα Premium Quality 0,5λιτ', 'a8ac6be68b53443bbd93b229e2f9cd34', '2023-01-24', 0.61),
(472, 'Amstel Μπύρα Premium Quality 0,5λιτ', 'a8ac6be68b53443bbd93b229e2f9cd34', '2023-01-25', 0.59),
(472, 'Amstel Μπύρα Premium Quality 0,5λιτ', 'a8ac6be68b53443bbd93b229e2f9cd34', '2023-01-26', 0.63),
(472, 'Amstel Μπύρα Premium Quality 0,5λιτ', 'a8ac6be68b53443bbd93b229e2f9cd34', '2023-01-27', 0.65),
(472, 'Amstel Μπύρα Premium Quality 0,5λιτ', 'a8ac6be68b53443bbd93b229e2f9cd34', '2023-01-28', 0.6),
(602, 'Fix Hellas Μπύρα 6X330ml', 'a8ac6be68b53443bbd93b229e2f9cd34', '2023-01-23', 0.59),
(602, 'Fix Hellas Μπύρα 6X330ml', 'a8ac6be68b53443bbd93b229e2f9cd34', '2023-01-24', 0.61),
(602, 'Fix Hellas Μπύρα 6X330ml', 'a8ac6be68b53443bbd93b229e2f9cd34', '2023-01-25', 0.59),
(602, 'Fix Hellas Μπύρα 6X330ml', 'a8ac6be68b53443bbd93b229e2f9cd34', '2023-01-26', 0.63),
(602, 'Fix Hellas Μπύρα 6X330ml', 'a8ac6be68b53443bbd93b229e2f9cd34', '2023-01-27', 0.65),
(602, 'Fix Hellas Μπύρα 6X330ml', 'a8ac6be68b53443bbd93b229e2f9cd34', '2023-01-28', 0.6),
(21, 'Έψα Λεμοναδα 232ml', 'a8ac6be68b53443bbd93b229e2f9cd34', '2023-01-23', 0.36),
(21, 'Έψα Λεμοναδα 232ml', 'a8ac6be68b53443bbd93b229e2f9cd34', '2023-01-24', 0.41),
(21, 'Έψα Λεμοναδα 232ml', 'a8ac6be68b53443bbd93b229e2f9cd34', '2023-01-25', 0.44),
(21, 'Έψα Λεμοναδα 232ml', 'a8ac6be68b53443bbd93b229e2f9cd34', '2023-01-26', 0.39),
(21, 'Έψα Λεμοναδα 232ml', 'a8ac6be68b53443bbd93b229e2f9cd34', '2023-01-27', 0.38),
(21, 'Έψα Λεμοναδα 232ml', 'a8ac6be68b53443bbd93b229e2f9cd34', '2023-01-28', 0.43),
(49, 'Red Bull Ενεργειακό Ποτό 250ml', 'a8ac6be68b53443bbd93b229e2f9cd34', '2023-01-23', 0.99),
(49, 'Red Bull Ενεργειακό Ποτό 250ml', 'a8ac6be68b53443bbd93b229e2f9cd34', '2023-01-24', 1.04),
(49, 'Red Bull Ενεργειακό Ποτό 250ml', 'a8ac6be68b53443bbd93b229e2f9cd34', '2023-01-25', 1.11),
(49, 'Red Bull Ενεργειακό Ποτό 250ml', 'a8ac6be68b53443bbd93b229e2f9cd34', '2023-01-26', 1.12),
(49, 'Red Bull Ενεργειακό Ποτό 250ml', 'a8ac6be68b53443bbd93b229e2f9cd34', '2023-01-27', 0.98),
(49, 'Red Bull Ενεργειακό Ποτό 250ml', 'a8ac6be68b53443bbd93b229e2f9cd34', '2023-01-28', 1.17),
(64, 'Monster Energy Drink 500ml', 'a8ac6be68b53443bbd93b229e2f9cd34', '2023-01-23', 1.23),
(64, 'Monster Energy Drink 500ml', 'a8ac6be68b53443bbd93b229e2f9cd34', '2023-01-24', 1.32),
(64, 'Monster Energy Drink 500ml', 'a8ac6be68b53443bbd93b229e2f9cd34', '2023-01-25', 1.43),
(64, 'Monster Energy Drink 500ml', 'a8ac6be68b53443bbd93b229e2f9cd34', '2023-01-26', 1.34),
(64, 'Monster Energy Drink 500ml', 'a8ac6be68b53443bbd93b229e2f9cd34', '2023-01-27', 1.23),
(64, 'Monster Energy Drink 500ml', 'a8ac6be68b53443bbd93b229e2f9cd34', '2023-01-28', 1.42),
(193, 'Coca Cola 1,5λιτ', 'a8ac6be68b53443bbd93b229e2f9cd34', '2023-01-23', 1.55),
(193, 'Coca Cola 1,5λιτ', 'a8ac6be68b53443bbd93b229e2f9cd34', '2023-01-24', 1.6),
(193, 'Coca Cola 1,5λιτ', 'a8ac6be68b53443bbd93b229e2f9cd34', '2023-01-25', 1.58),
(193, 'Coca Cola 1,5λιτ', 'a8ac6be68b53443bbd93b229e2f9cd34', '2023-01-26', 1.52),
(193, 'Coca Cola 1,5λιτ', 'a8ac6be68b53443bbd93b229e2f9cd34', '2023-01-27', 1.49),
(193, 'Coca Cola 1,5λιτ', 'a8ac6be68b53443bbd93b229e2f9cd34', '2023-01-28', 1.51),
(5, 'Εύρηκα Λευκαντικό 60γρ', 'd41744460283406a86f8e4bd5010a66d', '2023-01-23', 0.87),
(5, 'Εύρηκα Λευκαντικό 60γρ', 'd41744460283406a86f8e4bd5010a66d', '2023-01-24', 0.81),
(5, 'Εύρηκα Λευκαντικό 60γρ', 'd41744460283406a86f8e4bd5010a66d', '2023-01-25', 0.88),
(5, 'Εύρηκα Λευκαντικό 60γρ', 'd41744460283406a86f8e4bd5010a66d', '2023-01-26', 0.82),
(5, 'Εύρηκα Λευκαντικό 60γρ', 'd41744460283406a86f8e4bd5010a66d', '2023-01-27', 0.87),
(5, 'Εύρηκα Λευκαντικό 60γρ', 'd41744460283406a86f8e4bd5010a66d', '2023-01-28', 0.86),
(10, 'Klinex Χλωρίνη Ultra Lemon 750ml', 'd41744460283406a86f8e4bd5010a66d', '2023-01-23', 1.99),
(10, 'Klinex Χλωρίνη Ultra Lemon 750ml', 'd41744460283406a86f8e4bd5010a66d', '2023-01-24', 1.97),
(10, 'Klinex Χλωρίνη Ultra Lemon 750ml', 'd41744460283406a86f8e4bd5010a66d', '2023-01-25', 1.98),
(10, 'Klinex Χλωρίνη Ultra Lemon 750ml', 'd41744460283406a86f8e4bd5010a66d', '2023-01-26', 1.96),
(10, 'Klinex Χλωρίνη Ultra Lemon 750ml', 'd41744460283406a86f8e4bd5010a66d', '2023-01-27', 1.98),
(10, 'Klinex Χλωρίνη Ultra Lemon 750ml', 'd41744460283406a86f8e4bd5010a66d', '2023-01-28', 1.93),
(14, 'Soupline Mistral Μαλακτικό Συμπ 28πλ', 'd41744460283406a86f8e4bd5010a66d', '2023-01-23', 1.96),
(14, 'Soupline Mistral Μαλακτικό Συμπ 28πλ', 'd41744460283406a86f8e4bd5010a66d', '2023-01-24', 1.97),
(14, 'Soupline Mistral Μαλακτικό Συμπ 28πλ', 'd41744460283406a86f8e4bd5010a66d', '2023-01-25', 1.93),
(14, 'Soupline Mistral Μαλακτικό Συμπ 28πλ', 'd41744460283406a86f8e4bd5010a66d', '2023-01-26', 1.9),
(14, 'Soupline Mistral Μαλακτικό Συμπ 28πλ', 'd41744460283406a86f8e4bd5010a66d', '2023-01-27', 1.88),
(14, 'Soupline Mistral Μαλακτικό Συμπ 28πλ', 'd41744460283406a86f8e4bd5010a66d', '2023-01-28', 1.89),
(34, 'Dr Beckmann Καθαρ Πλυν Ρούχ 250γρ', 'd41744460283406a86f8e4bd5010a66d', '2023-01-23', 4.09),
(34, 'Dr Beckmann Καθαρ Πλυν Ρούχ 250γρ', 'd41744460283406a86f8e4bd5010a66d', '2023-01-24', 4.21),
(34, 'Dr Beckmann Καθαρ Πλυν Ρούχ 250γρ', 'd41744460283406a86f8e4bd5010a66d', '2023-01-25', 4.12),
(34, 'Dr Beckmann Καθαρ Πλυν Ρούχ 250γρ', 'd41744460283406a86f8e4bd5010a66d', '2023-01-26', 4.01),
(34, 'Dr Beckmann Καθαρ Πλυν Ρούχ 250γρ', 'd41744460283406a86f8e4bd5010a66d', '2023-01-27', 4.03),
(34, 'Dr Beckmann Καθαρ Πλυν Ρούχ 250γρ', 'd41744460283406a86f8e4bd5010a66d', '2023-01-28', 3.98),
(35, 'Klinex Σπρέυ 4σε1 750ml', 'd41744460283406a86f8e4bd5010a66d', '2023-01-23', 2.78),
(35, 'Klinex Σπρέυ 4σε1 750ml', 'd41744460283406a86f8e4bd5010a66d', '2023-01-24', 2.88),
(35, 'Klinex Σπρέυ 4σε1 750ml', 'd41744460283406a86f8e4bd5010a66d', '2023-01-25', 2.7),
(35, 'Klinex Σπρέυ 4σε1 750ml', 'd41744460283406a86f8e4bd5010a66d', '2023-01-26', 2.77),
(35, 'Klinex Σπρέυ 4σε1 750ml', 'd41744460283406a86f8e4bd5010a66d', '2023-01-27', 2.69),
(35, 'Klinex Σπρέυ 4σε1 750ml', 'd41744460283406a86f8e4bd5010a66d', '2023-01-28', 3.01),
(23, 'Fairy Υγρό Πιάτων Ultra Κανονικό 900ml', 'd41744460283406a86f8e4bd5010a66d', '2023-01-23', 4.06),
(23, 'Fairy Υγρό Πιάτων Ultra Κανονικό 900ml', 'd41744460283406a86f8e4bd5010a66d', '2023-01-24', 4.11),
(23, 'Fairy Υγρό Πιάτων Ultra Κανονικό 900ml', 'd41744460283406a86f8e4bd5010a66d', '2023-01-25', 4.21),
(23, 'Fairy Υγρό Πιάτων Ultra Κανονικό 900ml', 'd41744460283406a86f8e4bd5010a66d', '2023-01-26', 4.14),
(23, 'Fairy Υγρό Πιάτων Ultra Κανονικό 900ml', 'd41744460283406a86f8e4bd5010a66d', '2023-01-27', 4.06),
(23, 'Fairy Υγρό Πιάτων Ultra Κανονικό 900ml', 'd41744460283406a86f8e4bd5010a66d', '2023-01-28', 4.01),
(69, 'Neomat Total Eco Απορ Σκον 14πλ 700γρ', 'd41744460283406a86f8e4bd5010a66d', '2023-01-23', 2.97);
INSERT INTO `price` (`product_id`, `product_name`, `category_id`, `date`, `price`) VALUES
(69, 'Neomat Total Eco Απορ Σκον 14πλ 700γρ', 'd41744460283406a86f8e4bd5010a66d', '2023-01-24', 2.97),
(69, 'Neomat Total Eco Απορ Σκον 14πλ 700γρ', 'd41744460283406a86f8e4bd5010a66d', '2023-01-25', 2.98),
(69, 'Neomat Total Eco Απορ Σκον 14πλ 700γρ', 'd41744460283406a86f8e4bd5010a66d', '2023-01-26', 2.97),
(69, 'Neomat Total Eco Απορ Σκον 14πλ 700γρ', 'd41744460283406a86f8e4bd5010a66d', '2023-01-27', 2.96),
(69, 'Neomat Total Eco Απορ Σκον 14πλ 700γρ', 'd41744460283406a86f8e4bd5010a66d', '2023-01-28', 2.97),
(74, 'Svelto Gel Υγρό Πιάτων Λεμόνι 500ml', 'd41744460283406a86f8e4bd5010a66d', '2023-01-23', 1.63),
(74, 'Svelto Gel Υγρό Πιάτων Λεμόνι 500ml', 'd41744460283406a86f8e4bd5010a66d', '2023-01-24', 1.65),
(74, 'Svelto Gel Υγρό Πιάτων Λεμόνι 500ml', 'd41744460283406a86f8e4bd5010a66d', '2023-01-25', 1.7),
(74, 'Svelto Gel Υγρό Πιάτων Λεμόνι 500ml', 'd41744460283406a86f8e4bd5010a66d', '2023-01-26', 1.59),
(74, 'Svelto Gel Υγρό Πιάτων Λεμόνι 500ml', 'd41744460283406a86f8e4bd5010a66d', '2023-01-27', 1.62),
(74, 'Svelto Gel Υγρό Πιάτων Λεμόνι 500ml', 'd41744460283406a86f8e4bd5010a66d', '2023-01-28', 1.62),
(107, 'Εύρηκα Σκόνη Antikalk 54γρ', 'd41744460283406a86f8e4bd5010a66d', '2023-01-23', 0.78),
(107, 'Εύρηκα Σκόνη Antikalk 54γρ', 'd41744460283406a86f8e4bd5010a66d', '2023-01-24', 0.79),
(107, 'Εύρηκα Σκόνη Antikalk 54γρ', 'd41744460283406a86f8e4bd5010a66d', '2023-01-25', 1.75),
(107, 'Εύρηκα Σκόνη Antikalk 54γρ', 'd41744460283406a86f8e4bd5010a66d', '2023-01-26', 0.78),
(107, 'Εύρηκα Σκόνη Antikalk 54γρ', 'd41744460283406a86f8e4bd5010a66d', '2023-01-27', 0.77),
(107, 'Εύρηκα Σκόνη Antikalk 54γρ', 'd41744460283406a86f8e4bd5010a66d', '2023-01-28', 0.78),
(128, 'Neomat Υγρό Απορρυπαντικό Ρούχων Τριαντάφυλλο 62μεζ', 'd41744460283406a86f8e4bd5010a66d', '2023-01-23', 7.99),
(128, 'Neomat Υγρό Απορρυπαντικό Ρούχων Τριαντάφυλλο 62μεζ', 'd41744460283406a86f8e4bd5010a66d', '2023-01-24', 7.99),
(128, 'Neomat Υγρό Απορρυπαντικό Ρούχων Τριαντάφυλλο 62μεζ', 'd41744460283406a86f8e4bd5010a66d', '2023-01-25', 7.99),
(128, 'Neomat Υγρό Απορρυπαντικό Ρούχων Τριαντάφυλλο 62μεζ', 'd41744460283406a86f8e4bd5010a66d', '2023-01-26', 7.99),
(128, 'Neomat Υγρό Απορρυπαντικό Ρούχων Τριαντάφυλλο 62μεζ', 'd41744460283406a86f8e4bd5010a66d', '2023-01-27', 7.99),
(128, 'Neomat Υγρό Απορρυπαντικό Ρούχων Τριαντάφυλλο 62μεζ', 'd41744460283406a86f8e4bd5010a66d', '2023-01-28', 7.99),
(2, 'Κύκνος Τομάτες Αποφλ Ολoκλ 400γρ', 'ee0022e7b1b34eb2b834ea334cda52e7', '2023-01-23', 1.21),
(2, 'Κύκνος Τομάτες Αποφλ Ολoκλ 400γρ', 'ee0022e7b1b34eb2b834ea334cda52e7', '2023-01-24', 1.22),
(2, 'Κύκνος Τομάτες Αποφλ Ολoκλ 400γρ', 'ee0022e7b1b34eb2b834ea334cda52e7', '2023-01-25', 1.24),
(2, 'Κύκνος Τομάτες Αποφλ Ολoκλ 400γρ', 'ee0022e7b1b34eb2b834ea334cda52e7', '2023-01-26', 1.22),
(2, 'Κύκνος Τομάτες Αποφλ Ολoκλ 400γρ', 'ee0022e7b1b34eb2b834ea334cda52e7', '2023-01-27', 1.24),
(2, 'Κύκνος Τομάτες Αποφλ Ολoκλ 400γρ', 'ee0022e7b1b34eb2b834ea334cda52e7', '2023-01-28', 1.28),
(160, 'Pummaro Χυμός Τομάτα 500γρ', 'ee0022e7b1b34eb2b834ea334cda52e7', '2023-01-23', 0.86),
(160, 'Pummaro Χυμός Τομάτα 500γρ', 'ee0022e7b1b34eb2b834ea334cda52e7', '2023-01-24', 0.86),
(160, 'Pummaro Χυμός Τομάτα 500γρ', 'ee0022e7b1b34eb2b834ea334cda52e7', '2023-01-25', 0.89),
(160, 'Pummaro Χυμός Τομάτα 500γρ', 'ee0022e7b1b34eb2b834ea334cda52e7', '2023-01-26', 0.91),
(160, 'Pummaro Χυμός Τομάτα 500γρ', 'ee0022e7b1b34eb2b834ea334cda52e7', '2023-01-27', 0.86),
(160, 'Pummaro Χυμός Τομάτα 500γρ', 'ee0022e7b1b34eb2b834ea334cda52e7', '2023-01-28', 0.82),
(171, 'Κύκνος Τοματά Τριμμενη 500γρ', 'ee0022e7b1b34eb2b834ea334cda52e7', '2023-01-23', 1.12),
(171, 'Κύκνος Τοματά Τριμμενη 500γρ', 'ee0022e7b1b34eb2b834ea334cda52e7', '2023-01-24', 1.05),
(171, 'Κύκνος Τοματά Τριμμενη 500γρ', 'ee0022e7b1b34eb2b834ea334cda52e7', '2023-01-25', 1.05),
(171, 'Κύκνος Τοματά Τριμμενη 500γρ', 'ee0022e7b1b34eb2b834ea334cda52e7', '2023-01-26', 1.09),
(171, 'Κύκνος Τοματά Τριμμενη 500γρ', 'ee0022e7b1b34eb2b834ea334cda52e7', '2023-01-27', 1.07),
(171, 'Κύκνος Τοματά Τριμμενη 500γρ', 'ee0022e7b1b34eb2b834ea334cda52e7', '2023-01-28', 1.05),
(173, 'Κύκνος Τομάτα Ψιλ 400γρ', 'ee0022e7b1b34eb2b834ea334cda52e7', '2023-01-23', 1.28),
(173, 'Κύκνος Τομάτα Ψιλ 400γρ', 'ee0022e7b1b34eb2b834ea334cda52e7', '2023-01-24', 1.3),
(173, 'Κύκνος Τομάτα Ψιλ 400γρ', 'ee0022e7b1b34eb2b834ea334cda52e7', '2023-01-25', 1.28),
(173, 'Κύκνος Τομάτα Ψιλ 400γρ', 'ee0022e7b1b34eb2b834ea334cda52e7', '2023-01-26', 1.33),
(173, 'Κύκνος Τομάτα Ψιλ 400γρ', 'ee0022e7b1b34eb2b834ea334cda52e7', '2023-01-27', 1.3),
(173, 'Κύκνος Τομάτα Ψιλ 400γρ', 'ee0022e7b1b34eb2b834ea334cda52e7', '2023-01-28', 1.29),
(403, 'Pummaro Ψιλοκ Τοματ Κλασ 400γρ', 'ee0022e7b1b34eb2b834ea334cda52e7', '2023-01-23', 1.19),
(403, 'Pummaro Ψιλοκ Τοματ Κλασ 400γρ', 'ee0022e7b1b34eb2b834ea334cda52e7', '2023-01-24', 1.14),
(403, 'Pummaro Ψιλοκ Τοματ Κλασ 400γρ', 'ee0022e7b1b34eb2b834ea334cda52e7', '2023-01-25', 1.07),
(403, 'Pummaro Ψιλοκ Τοματ Κλασ 400γρ', 'ee0022e7b1b34eb2b834ea334cda52e7', '2023-01-26', 1.12),
(403, 'Pummaro Ψιλοκ Τοματ Κλασ 400γρ', 'ee0022e7b1b34eb2b834ea334cda52e7', '2023-01-27', 1.19),
(403, 'Pummaro Ψιλοκ Τοματ Κλασ 400γρ', 'ee0022e7b1b34eb2b834ea334cda52e7', '2023-01-28', 1.15),
(25, 'Elite Φρυγανιές Σταριού Κουτί 250γρ', 'ee0022e7b1b34eb2b834ea334cda52e7', '2023-01-23', 1.43),
(25, 'Elite Φρυγανιές Σταριού Κουτί 250γρ', 'ee0022e7b1b34eb2b834ea334cda52e7', '2023-01-24', 1.41),
(25, 'Elite Φρυγανιές Σταριού Κουτί 250γρ', 'ee0022e7b1b34eb2b834ea334cda52e7', '2023-01-25', 1.37),
(25, 'Elite Φρυγανιές Σταριού Κουτί 250γρ', 'ee0022e7b1b34eb2b834ea334cda52e7', '2023-01-26', 1.32),
(25, 'Elite Φρυγανιές Σταριού Κουτί 250γρ', 'ee0022e7b1b34eb2b834ea334cda52e7', '2023-01-27', 1.39),
(25, 'Elite Φρυγανιές Σταριού Κουτί 250γρ', 'ee0022e7b1b34eb2b834ea334cda52e7', '2023-01-28', 1.4),
(243, 'Παπαδοπούλου Τριμμα Φρυγανιας Τριμμα 180γρ', 'ee0022e7b1b34eb2b834ea334cda52e7', '2023-01-23', 0.83),
(243, 'Παπαδοπούλου Τριμμα Φρυγανιας Τριμμα 180γρ', 'ee0022e7b1b34eb2b834ea334cda52e7', '2023-01-24', 0.84),
(243, 'Παπαδοπούλου Τριμμα Φρυγανιας Τριμμα 180γρ', 'ee0022e7b1b34eb2b834ea334cda52e7', '2023-01-25', 0.82),
(243, 'Παπαδοπούλου Τριμμα Φρυγανιας Τριμμα 180γρ', 'ee0022e7b1b34eb2b834ea334cda52e7', '2023-01-26', 0.81),
(243, 'Παπαδοπούλου Τριμμα Φρυγανιας Τριμμα 180γρ', 'ee0022e7b1b34eb2b834ea334cda52e7', '2023-01-27', 0.83),
(243, 'Παπαδοπούλου Τριμμα Φρυγανιας Τριμμα 180γρ', 'ee0022e7b1b34eb2b834ea334cda52e7', '2023-01-28', 0.87),
(515, 'Elite Φρυγανιά Τρίμμα 180γρ', 'ee0022e7b1b34eb2b834ea334cda52e7', '2023-01-23', 1.01),
(515, 'Elite Φρυγανιά Τρίμμα 180γρ', 'ee0022e7b1b34eb2b834ea334cda52e7', '2023-01-24', 1.02),
(515, 'Elite Φρυγανιά Τρίμμα 180γρ', 'ee0022e7b1b34eb2b834ea334cda52e7', '2023-01-25', 0.99),
(515, 'Elite Φρυγανιά Τρίμμα 180γρ', 'ee0022e7b1b34eb2b834ea334cda52e7', '2023-01-26', 1.03),
(515, 'Elite Φρυγανιά Τρίμμα 180γρ', 'ee0022e7b1b34eb2b834ea334cda52e7', '2023-01-27', 1.04),
(515, 'Elite Φρυγανιά Τρίμμα 180γρ', 'ee0022e7b1b34eb2b834ea334cda52e7', '2023-01-28', 0.98),
(626, 'Παπαδοπούλου Φρυγανιές Χωριάτικες Ολικής Άλεσης 240γρ', 'ee0022e7b1b34eb2b834ea334cda52e7', '2023-01-23', 2.12),
(626, 'Παπαδοπούλου Φρυγανιές Χωριάτικες Ολικής Άλεσης 240γρ', 'ee0022e7b1b34eb2b834ea334cda52e7', '2023-01-24', 2.15),
(626, 'Παπαδοπούλου Φρυγανιές Χωριάτικες Ολικής Άλεσης 240γρ', 'ee0022e7b1b34eb2b834ea334cda52e7', '2023-01-25', 2.09),
(626, 'Παπαδοπούλου Φρυγανιές Χωριάτικες Ολικής Άλεσης 240γρ', 'ee0022e7b1b34eb2b834ea334cda52e7', '2023-01-26', 2.12),
(626, 'Παπαδοπούλου Φρυγανιές Χωριάτικες Ολικής Άλεσης 240γρ', 'ee0022e7b1b34eb2b834ea334cda52e7', '2023-01-27', 2.12),
(626, 'Παπαδοπούλου Φρυγανιές Χωριάτικες Ολικής Άλεσης 240γρ', 'ee0022e7b1b34eb2b834ea334cda52e7', '2023-01-28', 2.1),
(666, 'Elite Φρυγανιές Ολικής Άλεσης 180γρ', 'ee0022e7b1b34eb2b834ea334cda52e7', '2023-01-23', 1.31),
(666, 'Elite Φρυγανιές Ολικής Άλεσης 180γρ', 'ee0022e7b1b34eb2b834ea334cda52e7', '2023-01-24', 1.29),
(666, 'Elite Φρυγανιές Ολικής Άλεσης 180γρ', 'ee0022e7b1b34eb2b834ea334cda52e7', '2023-01-25', 1.35),
(666, 'Elite Φρυγανιές Ολικής Άλεσης 180γρ', 'ee0022e7b1b34eb2b834ea334cda52e7', '2023-01-26', 1.32),
(666, 'Elite Φρυγανιές Ολικής Άλεσης 180γρ', 'ee0022e7b1b34eb2b834ea334cda52e7', '2023-01-27', 1.35),
(666, 'Elite Φρυγανιές Ολικής Άλεσης 180γρ', 'ee0022e7b1b34eb2b834ea334cda52e7', '2023-01-28', 1.38);

-- --------------------------------------------------------

--
-- Δομή πίνακα για τον πίνακα `product`
--

CREATE TABLE `product` (
  `product_id` int(11) NOT NULL,
  `product_name` varchar(255) NOT NULL,
  `category_id` varchar(255) NOT NULL,
  `subcategory_id` varchar(255) NOT NULL
) ENGINE=InnoDB DEFAULT CHARSET=utf8mb4 COLLATE=utf8mb4_general_ci;

--
-- Άδειασμα δεδομένων του πίνακα `product`
--

INSERT INTO `product` (`product_id`, `product_name`, `category_id`, `subcategory_id`) VALUES
(2, 'Κύκνος Τομάτες Αποφλ Ολoκλ 400γρ', 'ee0022e7b1b34eb2b834ea334cda52e7', 'a02951b1c083449b9e7fab2fabd67198'),
(5, 'Εύρηκα Λευκαντικό 60γρ', 'd41744460283406a86f8e4bd5010a66d', '3be81b50494d4b5495d5fea3081759a6'),
(7, 'Sprite 330ml', 'a8ac6be68b53443bbd93b229e2f9cd34', '3010aca5cbdc401e8dfe1d39320a8d1a'),
(10, 'Klinex Χλωρίνη Ultra Lemon 750ml', 'd41744460283406a86f8e4bd5010a66d', '3be81b50494d4b5495d5fea3081759a6'),
(14, 'Soupline Mistral Μαλακτικό Συμπ 28πλ', 'd41744460283406a86f8e4bd5010a66d', '3be81b50494d4b5495d5fea3081759a6'),
(20, 'Everyday Σερβ Super/Ultra Plus Sens 10τεμ', '8e8117f7d9d64cf1a931a351eb15bd69', '2bce84e7df694ab1b81486aa2baf555d'),
(21, 'Έψα Λεμοναδα 232ml', 'a8ac6be68b53443bbd93b229e2f9cd34', '3010aca5cbdc401e8dfe1d39320a8d1a'),
(23, 'Fairy Υγρό Πιάτων Ultra Λεμόνι 900ml', 'd41744460283406a86f8e4bd5010a66d', 'e60aca31a37a40db8a83ccf93bd116b1'),
(25, 'Elite Φρυγανιές Σταριού Κουτί 250γρ', 'ee0022e7b1b34eb2b834ea334cda52e7', 'a483dd538ecd4ce0bdbba36e99ab5eb1'),
(31, 'Everyday Σερβ Extr Long/Ultra Plus Hyp 10τεμ', '8e8117f7d9d64cf1a931a351eb15bd69', '2bce84e7df694ab1b81486aa2baf555d'),
(34, 'Dr Beckmann Καθαρ Πλυν Ρούχ 250γρ', 'd41744460283406a86f8e4bd5010a66d', '3be81b50494d4b5495d5fea3081759a6'),
(35, 'Klinex Σπρέυ 4σε1 750ml', 'd41744460283406a86f8e4bd5010a66d', '3be81b50494d4b5495d5fea3081759a6'),
(49, 'Red Bull Ενεργειακό Ποτό 250ml', 'a8ac6be68b53443bbd93b229e2f9cd34', '3010aca5cbdc401e8dfe1d39320a8d1a'),
(64, 'Monster Energy Drink 500ml', 'a8ac6be68b53443bbd93b229e2f9cd34', '3010aca5cbdc401e8dfe1d39320a8d1a'),
(67, 'Γιώτης Μπισκοτόκρεμα 300γρ', '8016e637b54241f8ad242ed1699bf2da', '7e86994327f64e3ca967c09b5803966a'),
(74, 'Svelto Gel Υγρό Πιάτων Λεμόνι 500ml', 'd41744460283406a86f8e4bd5010a66d', 'e60aca31a37a40db8a83ccf93bd116b1'),
(94, 'Orzene Σαμπουάν Μπύρας Κανον 400ml', '8e8117f7d9d64cf1a931a351eb15bd69', '46b02b6b4f4c4d5d8a0efe21d0981027'),
(96, 'Everyday Σερβ Maxi Nig/Ultra Plus Sens 18τεμ', '8e8117f7d9d64cf1a931a351eb15bd69', '2bce84e7df694ab1b81486aa2baf555d'),
(104, 'Libero Swimpants Πάνες Small 7-12κιλ 6τεμ', '8016e637b54241f8ad242ed1699bf2da', 'e0efaa1776714351a4c17a3a9d412602'),
(107, 'Εύρηκα Σκόνη Antikalk 54γρ', 'd41744460283406a86f8e4bd5010a66d', 'e60aca31a37a40db8a83ccf93bd116b1'),
(113, 'Pampers Prem Care No5 11-18κιλ 30τεμ', '8016e637b54241f8ad242ed1699bf2da', 'e0efaa1776714351a4c17a3a9d412602'),
(122, 'Pampers Πάνες Premium Care Νο 2 4-8κιλ 23τεμ', '8016e637b54241f8ad242ed1699bf2da', 'e0efaa1776714351a4c17a3a9d412602'),
(126, 'Γιώτης Φρουτόκρεμα 5 Φρούτα 300γρ', '8016e637b54241f8ad242ed1699bf2da', '7e86994327f64e3ca967c09b5803966a'),
(128, 'Neomat Υγρό Απορρυπαντικό Ρούχων Τριαντάφυλλο 62μεζ', 'd41744460283406a86f8e4bd5010a66d', 'e60aca31a37a40db8a83ccf93bd116b1'),
(149, 'Babylino Sensitive No1 2-5κιλ 28τεμ', '8016e637b54241f8ad242ed1699bf2da', 'e0efaa1776714351a4c17a3a9d412602'),
(160, 'Pummaro Χυμός Τομάτα 500γρ', 'ee0022e7b1b34eb2b834ea334cda52e7', 'a02951b1c083449b9e7fab2fabd67198'),
(171, 'Κύκνος Τοματά Τριμμενη 500γρ', 'ee0022e7b1b34eb2b834ea334cda52e7', 'a02951b1c083449b9e7fab2fabd67198'),
(173, 'Κύκνος Τομάτα Ψιλ 400γρ', 'ee0022e7b1b34eb2b834ea334cda52e7', 'a02951b1c083449b9e7fab2fabd67198'),
(193, 'Coca Cola 1,5λιτ', 'a8ac6be68b53443bbd93b229e2f9cd34', '3010aca5cbdc401e8dfe1d39320a8d1a'),
(194, 'Heineken Μπύρα 6X330ml', 'a8ac6be68b53443bbd93b229e2f9cd34', '329bdd842f9f41688a0aa017b74ffde4'),
(209, 'Nutricia Biskotti 180γρ', '8016e637b54241f8ad242ed1699bf2da', '7e86994327f64e3ca967c09b5803966a'),
(243, 'Παπαδοπούλου Τριμμα Φρυγανιας Τριμμα 180γρ', 'ee0022e7b1b34eb2b834ea334cda52e7', 'a483dd538ecd4ce0bdbba36e99ab5eb1'),
(261, 'Libresse Σερβ Goodnight Clip 10τεμ', '8e8117f7d9d64cf1a931a351eb15bd69', '2bce84e7df694ab1b81486aa2baf555d'),
(300, 'Pampers Active Baby No5 11-16κιλ 51τεμ', '8016e637b54241f8ad242ed1699bf2da', 'e0efaa1776714351a4c17a3a9d412602'),
(308, 'Γιώτης Κρέμα Παιδική Φαρίν Λακτέ 300γρ', '8016e637b54241f8ad242ed1699bf2da', '7e86994327f64e3ca967c09b5803966a'),
(313, 'Nutricia Biskotti Ζωάκια 180γρ', '8016e637b54241f8ad242ed1699bf2da', '7e86994327f64e3ca967c09b5803966a'),
(383, 'Heineken Μπύρα Premium Lager 500ml', 'a8ac6be68b53443bbd93b229e2f9cd34', '329bdd842f9f41688a0aa017b74ffde4'),
(403, 'Pummaro Ψιλοκ Τοματ Κλασ 400γρ', 'ee0022e7b1b34eb2b834ea334cda52e7', 'a02951b1c083449b9e7fab2fabd67198'),
(426, 'Stella Artois Μπύρα 330ml', 'a8ac6be68b53443bbd93b229e2f9cd34', '329bdd842f9f41688a0aa017b74ffde4'),
(472, 'Amstel Μπύρα Premium Quality 0,5λιτ', 'a8ac6be68b53443bbd93b229e2f9cd34', '329bdd842f9f41688a0aa017b74ffde4'),
(515, 'Elite Φρυγανιά Τρίμμα 180γρ', 'ee0022e7b1b34eb2b834ea334cda52e7', 'a483dd538ecd4ce0bdbba36e99ab5eb1'),
(573, 'Always Σερβ Ultra Platinum Night 6τεμ', '8e8117f7d9d64cf1a931a351eb15bd69', '2bce84e7df694ab1b81486aa2baf555d'),
(591, 'Palmolive Αφρόλ Natural Αμυγδ 650ml', '8e8117f7d9d64cf1a931a351eb15bd69', '46b02b6b4f4c4d5d8a0efe21d0981027'),
(602, 'Fix Hellas Μπύρα 6X330ml', 'a8ac6be68b53443bbd93b229e2f9cd34', '329bdd842f9f41688a0aa017b74ffde4'),
(626, 'Παπαδοπούλου Φρυγανιές Χωριάτικες Ολικής Άλεσης 240γρ', 'ee0022e7b1b34eb2b834ea334cda52e7', 'a483dd538ecd4ce0bdbba36e99ab5eb1'),
(666, 'Elite Φρυγανιές Ολικής Άλεσης 180γρ', 'ee0022e7b1b34eb2b834ea334cda52e7', 'a483dd538ecd4ce0bdbba36e99ab5eb1'),
(686, 'Noxzema Αφρόλ Talc 750ml', '8e8117f7d9d64cf1a931a351eb15bd69', '46b02b6b4f4c4d5d8a0efe21d0981027'),
(737, 'Fa Αφρόλ Yoghurt Van Honey 750m', '8e8117f7d9d64cf1a931a351eb15bd69', '46b02b6b4f4c4d5d8a0efe21d0981027'),
(767, 'Lux Aφρόλ Magical Beauty 700ml', '8e8117f7d9d64cf1a931a351eb15bd69', '46b02b6b4f4c4d5d8a0efe21d0981027');

-- --------------------------------------------------------

--
-- Δομή πίνακα για τον πίνακα `shop`
--

CREATE TABLE `shop` (
  `shop_id` bigint(20) NOT NULL,
  `name` varchar(255) NOT NULL,
  `shop` varchar(255) NOT NULL,
  `longitude` double NOT NULL,
  `latitude` double NOT NULL
) ENGINE=InnoDB DEFAULT CHARSET=utf8mb4 COLLATE=utf8mb4_general_ci;

--
-- Άδειασμα δεδομένων του πίνακα `shop`
--

INSERT INTO `shop` (`shop_id`, `name`, `shop`, `longitude`, `latitude`) VALUES
(54449389, 'Lidl', 'supermarket', 21.712654, 38.2080319),
(360217468, 'The Mart', 'supermarket', 21.7806567, 38.28931),
(360226900, 'Lidl', 'supermarket', 21.7434265, 38.2633511),
(364381224, 'Σουπερμάρκετ Ανδρικόπουλος', 'supermarket', 21.7908028, 38.2952086),
(8214753473, 'Ena Cash And Carry', 'supermarket', 21.712654, 38.2080319),
(54449389, 'Lidl', 'supermarket', 21.7253472, 38.2346622),
(8214887306, '3Α Αράπης', 'supermarket', 21.7328984, 38.2375068),
(8214910532, 'Γαλαξίας', 'supermarket', 21.733787, 38.2361127),
(8215010716, 'Super Market Θεοδωρόπουλος', 'supermarket', 21.7283123, 38.2360129),
(8215157448, 'Super Market ΚΡΟΝΟΣ', 'supermarket', 21.7340723, 38.2390442),
(8805335004, 'Μασούτης', 'supermarket', 21.7355058, 38.2454669),
(8805467220, 'ΑΒ Shop & Go', 'supermarket', 21.7380288, 38.24957),
(8806495733, '3Α ΑΡΑΠΗΣ', 'supermarket', 21.7455558, 38.2398789),
(9651304117, 'Περίπτερο', 'convenience', 21.7408745, 38.2554443),
(9785182275, 'Mini-market', 'convenience', 21.6232207, 38.1494223);

-- --------------------------------------------------------

--
-- Δομή πίνακα για τον πίνακα `subcategory`
--

CREATE TABLE `subcategory` (
  `subcategory_id` varchar(255) NOT NULL,
  `subcategory_name` varchar(255) NOT NULL,
  `category_id` varchar(255) NOT NULL
) ENGINE=InnoDB DEFAULT CHARSET=utf8mb4 COLLATE=utf8mb4_general_ci;

--
-- Άδειασμα δεδομένων του πίνακα `subcategory`
--

INSERT INTO `subcategory` (`subcategory_id`, `subcategory_name`, `category_id`) VALUES
('2bce84e7df694ab1b81486aa2baf555d', 'Σερβιέτες', '8e8117f7d9d64cf1a931a351eb15bd69'),
('3010aca5cbdc401e8dfe1d39320a8d1a', 'Αναψυκτικά - Ενεργειακά Ποτά', 'a8ac6be68b53443bbd93b229e2f9cd34'),
('329bdd842f9f41688a0aa017b74ffde4', 'Μπύρες', 'a8ac6be68b53443bbd93b229e2f9cd34'),
('3be81b50494d4b5495d5fea3081759a6', 'Είδη γενικού καθαρισμού', 'd41744460283406a86f8e4bd5010a66d'),
('46b02b6b4f4c4d5d8a0efe21d0981027', 'Σαμπουάν - Αφρόλουτρα', '8e8117f7d9d64cf1a931a351eb15bd69'),
('7e86994327f64e3ca967c09b5803966a', 'Βρεφικές τροφές', '8016e637b54241f8ad242ed1699bf2da'),
('a02951b1c083449b9e7fab2fabd67198', 'Χυμός τομάτας', 'ee0022e7b1b34eb2b834ea334cda52e7'),
('a483dd538ecd4ce0bdbba36e99ab5eb1', 'Φούρνος/Φρυγανίες', 'ee0022e7b1b34eb2b834ea334cda52e7'),
('e0efaa1776714351a4c17a3a9d412602', 'Πάνες', '8016e637b54241f8ad242ed1699bf2da'),
('e60aca31a37a40db8a83ccf93bd116b1', 'Απορρυπαντικά', 'd41744460283406a86f8e4bd5010a66d');

-- --------------------------------------------------------

--
-- Δομή πίνακα για τον πίνακα `user`
--

CREATE TABLE `user` (
  `user_id` int(11) NOT NULL,
  `username` varchar(255) NOT NULL,
  `password` varchar(255) NOT NULL,
  `email` varchar(255) NOT NULL,
  `registration_date` datetime NOT NULL DEFAULT current_timestamp(),
  `token` int(11) NOT NULL,
  `score` int(11) NOT NULL,
  `score_history` bigint(20) NOT NULL,
  `token_history` int(12) NOT NULL,
  `admin` int(11) NOT NULL
) ENGINE=InnoDB DEFAULT CHARSET=utf8mb4 COLLATE=utf8mb4_general_ci;

--
-- Άδειασμα δεδομένων του πίνακα `user`
--

INSERT INTO `user` (`user_id`, `username`, `password`, `email`, `registration_date`, `token`, `score`, `score_history`, `token_history`, `admin`) VALUES
(4, 'Giannis', '9298575c7e890452164a67f690efdde0', 'giannis@gmail.com', '2023-02-03 16:16:46', 0, 50, 0, 0, 8),
(5, 'Giwrgos', '9298575c7e890452164a67f690efdde0', 'giwrgos@gmail.com', '2023-02-03 19:26:38', 0, 292, 0, 0, 0),
(6, 'Takhs', '9298575c7e890452164a67f690efdde0', 'takhs@gmail.com', '2023-02-03 19:27:00', 0, 185, 0, 0, 0),
(7, 'Kyriakos', '9298575c7e890452164a67f690efdde0', 'kyriakos@gmail.com', '2023-02-03 19:27:54', 0, 181, 0, 0, 0),
(8, 'Paulos', '9298575c7e890452164a67f690efdde0', 'paulos@gmail.com', '2023-02-03 19:28:14', 0, 165, 0, 0, 0),
(9, 'Eua', '9298575c7e890452164a67f690efdde0', 'eua@gmail.com', '2023-02-03 19:28:44', 0, 48, 0, 0, 0),
(10, 'Dhmhtra', '9298575c7e890452164a67f690efdde0', 'dhmhtra@gmail.com', '2023-02-03 19:29:04', 0, 197, 0, 0, 0),
(11, 'Andreas', '9298575c7e890452164a67f690efdde0', 'andreas@gmail.com', '2023-02-03 19:29:23', 0, 0, 0, 0, 0),
(12, 'Marla', '9298575c7e890452164a67f690efdde0', 'marla@gmail.com', '2023-02-03 19:29:36', 0, 100, 0, 0, 0),
(13, 'Eleutheria', '9298575c7e890452164a67f690efdde0', 'eleutheria@gmail.com', '2023-02-03 19:30:17', 0, 0, 0, 0, 0),
(14, 'Mary', '9298575c7e890452164a67f690efdde0', 'mary@gmail.com', '2023-02-03 19:30:37', 0, 129, 0, 0, 0),
(15, 'Maya', '9298575c7e890452164a67f690efdde0', 'maya@gmail.com', '2023-02-03 19:31:03', 0, 0, 0, 0, 0),
(16, 'Aggelos', '9298575c7e890452164a67f690efdde0', 'aggelos@gmail.com', '2023-02-03 19:31:41', 0, 145, 0, 0, 0);

--
-- Ευρετήρια για άχρηστους πίνακες
--

--
-- Ευρετήρια για πίνακα `category`
--
ALTER TABLE `category`
  ADD PRIMARY KEY (`category_id`);

--
-- Ευρετήρια για πίνακα `offer`
--
ALTER TABLE `offer`
  ADD PRIMARY KEY (`offer_id`);

--
-- Ευρετήρια για πίνακα `product`
--
ALTER TABLE `product`
  ADD PRIMARY KEY (`product_id`);

--
-- Ευρετήρια για πίνακα `subcategory`
--
ALTER TABLE `subcategory`
  ADD PRIMARY KEY (`subcategory_id`) USING BTREE;

--
-- Ευρετήρια για πίνακα `user`
--
ALTER TABLE `user`
  ADD PRIMARY KEY (`user_id`);

--
-- AUTO_INCREMENT για άχρηστους πίνακες
--

--
-- AUTO_INCREMENT για πίνακα `offer`
--
ALTER TABLE `offer`
  MODIFY `offer_id` int(11) NOT NULL AUTO_INCREMENT, AUTO_INCREMENT=73;

--
-- AUTO_INCREMENT για πίνακα `product`
--
ALTER TABLE `product`
  MODIFY `product_id` int(11) NOT NULL AUTO_INCREMENT, AUTO_INCREMENT=890;

--
-- AUTO_INCREMENT για πίνακα `user`
--
ALTER TABLE `user`
  MODIFY `user_id` int(11) NOT NULL AUTO_INCREMENT, AUTO_INCREMENT=17;

--
-- Περιορισμοί για άχρηστους πίνακες
--

--
-- Περιορισμοί για πίνακα `subcategory`
--
ALTER TABLE `subcategory`
  ADD CONSTRAINT `subcategory_ibfk_1` FOREIGN KEY (`category_id`) REFERENCES `category` (`category_id`);
COMMIT;

/*!40101 SET CHARACTER_SET_CLIENT=@OLD_CHARACTER_SET_CLIENT */;
/*!40101 SET CHARACTER_SET_RESULTS=@OLD_CHARACTER_SET_RESULTS */;
/*!40101 SET COLLATION_CONNECTION=@OLD_COLLATION_CONNECTION */;
