[
    {
      "product_id": 2,
      "product_name": "Μίσκο Μακαρόνια Ν6 500γρ",
      "week_start_date": "2022-11-15",
      "average_price": 1.012
    },
    {
      "product_id": 1000,
      "product_name": "Μίσκο Μακαρόνια Ν5 500γρ",
      "week_start_date": "2022-11-15",
      "average_price": 1.012
    },
    { 
      "product_id": 1001,
      "product_name": "Misko Ταλιατέλλες Σιμιγδ 500γρ",
      "week_start_date": "2022-11-15",
      "average_price": 2.066
    },
    {
      "product_id": 1002,
      "product_name": "Aim Οδ/τσα 2-6 Παιδική",
      "week_start_date": "2022-11-15",
      "average_price": 1.94
    },
    {
      "product_id": 209,
      "product_name": "Nutricia Biskotti 180γρ",
      "week_start_date": "2022-12-01",
      "average_price": 2.1416
    },
    {
      "product_id": 313,
      "product_name": "Nutricia Biskotti Ζωάκια 180γρ",
      "week_start_date": "2022-12-01",
      "average_price": 2.453
    },
    {
      "product_id": 67,
      "product_name": "Γιώτης Μπισκοτόκρεμα 300γρ",
      "week_start_date": "2022-12-01",
      "average_price": 4.99
    },
    {
      "product_id": 126,
      "product_name": "Γιώτης Φρουτόκρεμα 5 Φρούτα 300γρ",
      "week_start_date": "2022-12-01",
      "average_price": 4.99
    },
    {
      "product_id": 308,
      "product_name": "Γιώτης Κρέμα Παιδικη Φαρίν Λακτέ Μπισκότο 300γρ",
      "week_start_date": "2022-12-01",
      "average_price": 3.92
    },
    {
      "product_id": 104,
      "product_name": "Libero Swimpants Πάνες Small 7-12κιλ 6τεμ",
      "week_start_date": "2022-12-01",
      "average_price": 4.268
    },
    {
      "product_id": 113,
      "product_name": "Pampers Prem Care No5 11-18κιλ 30τεμ",
      "week_start_date": "2022-12-01",
      "average_price": 10.635
    },
    {
      "product_id": 122,
      "product_name": "Pampers Πάνες Premium Care Νο 2 4-8κιλ 23τεμ",
      "week_start_date": "2022-12-01",
      "average_price": 10.283
    },
    {
      "product_id": 149,
      "product_name": "Babylino Sensitive No1 2-5κιλ 28τεμ",
      "week_start_date": "2022-12-01",
      "average_price": 5.386
    },
    {
      "product_id": 300,
      "product_name": "Pampers Active Baby No5 11-16κιλ 51τεμ",
      "week_start_date": "2022-12-01",
      "average_price": 6.77
    },
    {
      "product_id": 20,
      "product_name": "Everyday Σερβ Super/Ultra Plus Sens 10τεμ",
      "week_start_date": "2022-12-01",
      "average_price": 2.395
    },
    {
      "product_id": 31,
      "product_name": "Everyday Σερβ Extr Long/Ultra Plus Hyp 10τεμ",
      "week_start_date": "2022-12-01",
      "average_price": 2.865
    },
    {
      "product_id": 96,
      "product_name": "Everyday Σερβ Maxi Nig/Ultra Plus Hyp 18τεμ",
      "week_start_date": "2022-12-01",
      "average_price": 2.643
    },
    {
      "product_id": 261,
      "product_name": "Everyday Σερβ Maxi Nig/Ultra Plus Hyp 18τεμ",
      "week_start_date": "2022-12-01",
      "average_price": 2.086
    },
    {
      "product_id": 573,
      "product_name": "Always Σερβ Ultra Platinum Night 6τεμ",
      "week_start_date": "2022-12-01",
      "average_price": 2.086
    },
    {
      "product_id": 94,
      "product_name": "Always Σερβ Ultra Platinum Night 6τεμ",
      "week_start_date": "2022-12-01",
      "average_price": 4.261
    },
    {
      "product_id": 591,
      "product_name": "Palmolive Αφρόλ Natural Αμυγδ 650ml",
      "week_start_date": "2022-12-01",
      "average_price": 2.851
    },
    {
      "product_id": 686,
      "product_name": "Noxzema Αφρόλ Talc 750ml",
      "week_start_date": "2022-12-01",
      "average_price": 4.211
    }

  ]