[
    {
       "category_id": "ee0022e7b1b34eb2b834ea334cda52e7",
       "category_name": "Τρόφιμα"
   }, 
   {
       "category_id": "8016e637b54241f8ad242ed1699bf2da",
       "category_name": "Βρεφικά Είδη"
   },
   {
       "category_id": "8e8117f7d9d64cf1a931a351eb15bd69",
       "category_name": "Προσωπική φροντίδα"
   },
   {
       "category_id": "a8ac6be68b53443bbd93b229e2f9cd34",
       "category_name": "Ποτά - Αναψυκτικά"
   },
   {
       "category_id": "d41744460283406a86f8e4bd5010a66d",
       "category_name": "Καθαριότητα"
   }
   ]
   
   
   