[
{
    "product_id": "2",
    "product_name": "Κύκνος Τομάτες Αποφλ Ολoκλ 400γρ",
    "category_id": "ee0022e7b1b34eb2b834ea334cda52e7",
    "subcategory_id": "a02951b1c083449b9e7fab2fabd67198"
  },
  {
    "product_id": "160",
    "product_name": "Pummaro Χυμός Τομάτα 500γρ",
    "category_id": "ee0022e7b1b34eb2b834ea334cda52e7",
    "subcategory_id": "a02951b1c083449b9e7fab2fabd67198"
  },
  { 
    "product_id": "171",
    "product_name": "Κύκνος Τοματά Τριμμενη 500γρ",
    "category_id": "ee0022e7b1b34eb2b834ea334cda52e7",
    "subcategory_id": "a02951b1c083449b9e7fab2fabd67198"
  },
  {
    "product_id": "173",
    "product_name": "Κύκνος Τομάτα Ψιλ 400γρ",
    "category_id": "ee0022e7b1b34eb2b834ea334cda52e7",
    "subcategory_id": "a02951b1c083449b9e7fab2fabd67198"
  },
  {
    "product_id": "403",
    "product_name": "Pummaro Ψιλοκ Τοματ Κλασ 400γρ",
    "category_id": "ee0022e7b1b34eb2b834ea334cda52e7",
    "subcategory_id": "a02951b1c083449b9e7fab2fabd67198"
  },
  {
    "product_id": "666",
    "product_name": "Elite Φρυγανιές Ολικής Άλεσης 180γρ",
    "category_id": "ee0022e7b1b34eb2b834ea334cda52e7",
    "subcategory_id": "a483dd538ecd4ce0bdbba36e99ab5eb1"
  },
  {
    "product_id": "25",
    "product_name": "Elite Φρυγανιές Σταριού Κουτί 250γρ",
    "category_id": "ee0022e7b1b34eb2b834ea334cda52e7",
    "subcategory_id": "a483dd538ecd4ce0bdbba36e99ab5eb1"
  },
  {
    "product_id": "243",
    "product_name": "Παπαδοπούλου Τριμμα Φρυγανιας Τριμμα 180γρ",
    "category_id": "ee0022e7b1b34eb2b834ea334cda52e7",
    "subcategory_id": "a483dd538ecd4ce0bdbba36e99ab5eb1"
  },
  {
    "product_id": "515",
    "product_name": "Elite Φρυγανιά Τρίμμα 180γρ",
    "category_id": "ee0022e7b1b34eb2b834ea334cda52e7",
    "subcategory_id": "a483dd538ecd4ce0bdbba36e99ab5eb1"
  },
  {
    "product_id": "626",
    "product_name": "Παπαδοπούλου Φρυγανιές Χωριάτικες Ολικής Άλεσης 240γρ",
    "category_id": "ee0022e7b1b34eb2b834ea334cda52e7",
    "subcategory_id": "a483dd538ecd4ce0bdbba36e99ab5eb1"
  },
  {
    "product_id": "5",
    "product_name": "Εύρηκα Λευκαντικό 60γρ",
    "category_id": "d41744460283406a86f8e4bd5010a66d",
    "subcategory_id": "3be81b50494d4b5495d5fea3081759a6"
  },
  {
    "product_id": "10",
    "product_name": "Klinex Χλωρίνη Ultra Lemon 750ml",
    "category_id": "d41744460283406a86f8e4bd5010a66d",
    "subcategory_id": "3be81b50494d4b5495d5fea3081759a6"
  },
  {
    "product_id": "14",
    "product_name": "Soupline Mistral Μαλακτικό Συμπ 28πλ",
    "category_id": "d41744460283406a86f8e4bd5010a66d",
    "subcategory_id": "3be81b50494d4b5495d5fea3081759a6"
  },
  {
    "product_id": "34",
    "product_name": "Dr Beckmann Καθαρ Πλυν Ρούχ 250γρ",
    "category_id": "d41744460283406a86f8e4bd5010a66d",
    "subcategory_id": "3be81b50494d4b5495d5fea3081759a6"
  },
  {
    "product_id": "35",
    "product_name": "Klinex Σπρέυ 4σε1 750ml",
    "category_id": "d41744460283406a86f8e4bd5010a66d",
    "subcategory_id": "3be81b50494d4b5495d5fea3081759a6"
  },
  {
    "product_id": "23",
    "product_name": "Fairy Υγρό Πιάτων Ultra Λεμόνι 900ml",
    "category_id": "d41744460283406a86f8e4bd5010a66d",
    "subcategory_id": "e60aca31a37a40db8a83ccf93bd116b1"
  },
  {
    "product_id": "69",
    "product_name": "Neomat Total Eco Απορ Σκον 14πλ 700γρ",
    "category_id": "d41744460283406a86f8e4bd5010a66d",
    "subcategory_id": "e60aca31a37a40db8a83ccf93bd116b1"
  },
  {
    "product_id": "74",
    "product_name": "Svelto Gel Υγρό Πιάτων Λεμόνι 500ml",
    "category_id": "d41744460283406a86f8e4bd5010a66d",
    "subcategory_id": "e60aca31a37a40db8a83ccf93bd116b1"
  },
  {
    "product_id": "107",
    "product_name": "Εύρηκα Σκόνη Antikalk 54γρ",
    "category_id": "d41744460283406a86f8e4bd5010a66d",
    "subcategory_id": "e60aca31a37a40db8a83ccf93bd116b1"
  },
  {
    "product_id": "128",
    "product_name": "Neomat Υγρό Απορρυπαντικό Ρούχων Τριαντάφυλλο 62μεζ",
    "category_id": "d41744460283406a86f8e4bd5010a66d",
    "subcategory_id": "e60aca31a37a40db8a83ccf93bd116b1"
  },
  {
    "product_id": "7",
    "product_name": "Sprite 330ml",
    "category_id": "a8ac6be68b53443bbd93b229e2f9cd34",
    "subcategory_id": "3010aca5cbdc401e8dfe1d39320a8d1a"
  },
  {
    "product_id": "21",
    "product_name": "Έψα Λεμοναδα 232ml",
    "category_id": "a8ac6be68b53443bbd93b229e2f9cd34",
    "subcategory_id": "3010aca5cbdc401e8dfe1d39320a8d1a"
  },
  {
    "product_id": "49",
    "product_name": "Red Bull Ενεργειακό Ποτό 250ml",
    "category_id": "a8ac6be68b53443bbd93b229e2f9cd34",
    "subcategory_id": "3010aca5cbdc401e8dfe1d39320a8d1a"
  },
  {
    "product_id": "64",
    "product_name": "Monster Energy Drink 500ml",
    "category_id": "a8ac6be68b53443bbd93b229e2f9cd34",
    "subcategory_id": "3010aca5cbdc401e8dfe1d39320a8d1a"
  },
  {
    "product_id": "193",
    "product_name": "Coca Cola 1,5λιτ",
    "category_id": "a8ac6be68b53443bbd93b229e2f9cd34",
    "subcategory_id": "3010aca5cbdc401e8dfe1d39320a8d1a"
  },
  {
    "product_id": "194",
    "product_name": "Heineken Μπύρα 6X330ml",
    "category_id": "a8ac6be68b53443bbd93b229e2f9cd34",
    "subcategory_id": "329bdd842f9f41688a0aa017b74ffde4"
  },
  {
    "product_id": "383",
    "product_name": "Heineken Μπύρα Premium Lager 500ml",
    "category_id": "a8ac6be68b53443bbd93b229e2f9cd34",
    "subcategory_id": "329bdd842f9f41688a0aa017b74ffde4"
  },
  {
    "product_id": "426",
    "product_name": "Stella Artois Μπύρα 330ml",
    "category_id": "a8ac6be68b53443bbd93b229e2f9cd34",
    "subcategory_id": "329bdd842f9f41688a0aa017b74ffde4"
  },
  {
    "product_id": "472",
    "product_name": "Amstel Μπύρα Premium Quality 0,5λιτ",
    "category_id": "a8ac6be68b53443bbd93b229e2f9cd34",
    "subcategory_id": "329bdd842f9f41688a0aa017b74ffde4"
  },
  {
    "product_id": "602",
    "product_name": "Fix Hellas Μπύρα 6X330ml",
    "category_id": "a8ac6be68b53443bbd93b229e2f9cd34",
    "subcategory_id": "329bdd842f9f41688a0aa017b74ffde4"
  },
  {
    "product_id": "20",
    "product_name": "Everyday Σερβ Super/Ultra Plus Sens 10τεμ",
    "category_id": "8e8117f7d9d64cf1a931a351eb15bd69",
    "subcategory_id": "2bce84e7df694ab1b81486aa2baf555d"
  },
  {
    "product_id": "31",
    "product_name": "Everyday Σερβ Extr Long/Ultra Plus Hyp 10τεμ",
    "category_id": "8e8117f7d9d64cf1a931a351eb15bd69",
    "subcategory_id": "2bce84e7df694ab1b81486aa2baf555d"
  },
  {
    "product_id": "96",
    "product_name": "Everyday Σερβ Maxi Nig/Ultra Plus Sens 18τεμ",
    "category_id": "8e8117f7d9d64cf1a931a351eb15bd69",
    "subcategory_id": "2bce84e7df694ab1b81486aa2baf555d"
  },
  {
    "product_id": "261",
    "product_name": "Libresse Σερβ Goodnight Clip 10τεμ",
    "category_id": "8e8117f7d9d64cf1a931a351eb15bd69",
    "subcategory_id": "2bce84e7df694ab1b81486aa2baf555d"
  },
  {
    "product_id": "573",
    "product_name": "Always Σερβ Ultra Platinum Night 6τεμ",
    "category_id": "8e8117f7d9d64cf1a931a351eb15bd69",
    "subcategory_id": "2bce84e7df694ab1b81486aa2baf555d"
  },
  {
    "product_id": "591",
    "product_name": "Palmolive Αφρόλ Natural Αμυγδ 650ml",
    "category_id": "8e8117f7d9d64cf1a931a351eb15bd69",
    "subcategory_id": "46b02b6b4f4c4d5d8a0efe21d0981027"
  },
  {
    "product_id": "686",
    "product_name": "Noxzema Αφρόλ Talc 750ml",
    "category_id": "8e8117f7d9d64cf1a931a351eb15bd69",
    "subcategory_id": "46b02b6b4f4c4d5d8a0efe21d0981027"
  },
  {
    "product_id": "737",
    "product_name": "Fa Αφρόλ Yoghurt Van Honey 750m",
    "category_id": "8e8117f7d9d64cf1a931a351eb15bd69",
    "subcategory_id": "46b02b6b4f4c4d5d8a0efe21d0981027"
  },
  {
    "product_id": "767",
    "product_name": "Lux Aφρόλ Magical Beauty 700ml",
    "category_id": "8e8117f7d9d64cf1a931a351eb15bd69",
    "subcategory_id": "46b02b6b4f4c4d5d8a0efe21d0981027"
  },
  {
    "product_id": "94",
    "product_name": "Orzene Σαμπουάν Μπύρας Κανον 400ml",
    "category_id": "8e8117f7d9d64cf1a931a351eb15bd69",
    "subcategory_id": "46b02b6b4f4c4d5d8a0efe21d0981027"
  },
  {
    "product_id": "122",
    "product_name": "Pampers Πάνες Premium Care Νο 2 4-8κιλ 23τεμ",
    "category_id": "8016e637b54241f8ad242ed1699bf2da",
    "subcategory_id": "e0efaa1776714351a4c17a3a9d412602"
  },
  {
    "product_id": "104",
    "product_name": "Libero Swimpants Πάνες Small 7-12κιλ 6τεμ",
    "category_id": "8016e637b54241f8ad242ed1699bf2da",
    "subcategory_id": "e0efaa1776714351a4c17a3a9d412602"
  },
  {
    "product_id": "113",
    "product_name": "Pampers Prem Care No5 11-18κιλ 30τεμ",
    "category_id": "8016e637b54241f8ad242ed1699bf2da",
    "subcategory_id": "e0efaa1776714351a4c17a3a9d412602"
  },
  {
    "product_id": "149",
    "product_name": "Babylino Sensitive No1 2-5κιλ 28τεμ",
    "category_id": "8016e637b54241f8ad242ed1699bf2da",
    "subcategory_id": "e0efaa1776714351a4c17a3a9d412602"
  },
  {
    "product_id": "300",
    "product_name": "Pampers Active Baby No5 11-16κιλ 51τεμ",
    "category_id": "8016e637b54241f8ad242ed1699bf2da",
    "subcategory_id": "e0efaa1776714351a4c17a3a9d412602"
  },
  {
    "product_id": "313",
    "product_name": "Nutricia Biskotti Ζωάκια 180γρ",
    "category_id": "8016e637b54241f8ad242ed1699bf2da",
    "subcategory_id": "7e86994327f64e3ca967c09b5803966a"
  },
  {
    "product_id": "308",
    "product_name": "Γιώτης Κρέμα Παιδική Φαρίν Λακτέ 300γρ",
    "category_id": "8016e637b54241f8ad242ed1699bf2da",
    "subcategory_id": "7e86994327f64e3ca967c09b5803966a"
  },
  {
    "product_id": "209",
    "product_name": "Nutricia Biskotti 180γρ",
    "category_id": "8016e637b54241f8ad242ed1699bf2da",
    "subcategory_id": "7e86994327f64e3ca967c09b5803966a"
  },
  {
    "product_id": "126",
    "product_name": "Γιώτης Φρουτόκρεμα 5 Φρούτα 300γρ",
    "category_id": "8016e637b54241f8ad242ed1699bf2da",
    "subcategory_id": "7e86994327f64e3ca967c09b5803966a"
  },
  {
    "product_id": "67",
    "product_name": "Γιώτης Μπισκοτόκρεμα 300γρ",
    "category_id": "8016e637b54241f8ad242ed1699bf2da",
    "subcategory_id": "7e86994327f64e3ca967c09b5803966a"
  }
]
