[
  {
    "shop_id": "54449389",       
    "name": "Lidl",
    "shop": "supermarket",
    "longitude":"21.712654",
    "latitude":"38.2080319"
  },
  {
    "shop_id": "360217468",       
    "name": "The Mart",
    "shop": "supermarket",
    "longitude":"21.7806567",
    "latitude":"38.28931"
  },
  {
    "shop_id": "360226900",       
    "name": "Lidl",
    "shop": "supermarket",
    "longitude":"21.7434265",
    "latitude":"38.2633511"
  },
  {
    "shop_id": "364381224",       
    "name": "Σουπερμάρκετ Ανδρικόπουλος",
    "shop": "supermarket",
    "longitude":"21.7908028",
    "latitude":"38.2952086v"
  },
  {
    "shop_id": "8214753473",       
    "name": "Ena Cash And Carry",
    "shop": "supermarket",
    "longitude":"21.712654",
    "latitude":"38.2080319"
  },
  {
    "shop_id": "54449389",       
    "name": "Lidl",
    "shop": "supermarket",
    "longitude":"21.7253472",
    "latitude":"38.2346622"
  },
  {
    "shop_id": "8214887306",       
    "name": "3Α Αράπης",
    "shop": "supermarket",
    "longitude":"21.7328984",
    "latitude":"38.2375068"
  },
  {
    "shop_id": "8214910532",       
    "name": "Γαλαξίας",
    "shop": "supermarket",
    "longitude":"21.733787",
    "latitude":"38.2361127"
  },
  {
    "shop_id": "8215010716",       
    "name": "Super Market Θεοδωρόπουλος",
    "shop": "supermarket",
    "longitude":"21.7283123",
    "latitude":"38.2360129"
  },
  {
    "shop_id": "8215157448",       
    "name": "Super Market ΚΡΟΝΟΣ",
    "shop": "supermarket",
    "longitude":"21.7340723",
    "latitude":"38.2390442"
  },
  {
    "shop_id": "8805335004",       
    "name": "Μασούτης",
    "shop": "supermarket",
    "longitude":"21.7355058",
    "latitude":"38.2454669"
  },
  {
    "shop_id": "8805467220",       
    "name": "ΑΒ Shop & Go",
    "shop": "supermarket",
    "longitude":"21.7380288",
    "latitude":"38.24957"
  },
  {
    "shop_id": "8806495733",       
    "name": "3Α ΑΡΑΠΗΣ",
    "shop": "supermarket",
    "longitude":"21.7455558",
    "latitude":"38.2398789"
  },
  {
    "shop_id": "9651304117",       
    "name": "Περίπτερο",
    "shop": "convenience",
    "longitude":"21.7408745",
    "latitude":"38.2554443"
  },
  {
    "shop_id": "9785182275",       
    "name": "Mini-market",
    "shop": "convenience",
    "longitude":"21.6232207",
    "latitude":"38.1494223"
  }
]











