[
 {
    "subcategory_id":"a02951b1c083449b9e7fab2fabd67198",
    "subcategory_name":"Χυμός τομάτας",
    "category_id":"ee0022e7b1b34eb2b834ea334cda52e7"  
 },
 {
    "subcategory_id":"a483dd538ecd4ce0bdbba36e99ab5eb1",
    "subcategory_name":"Φούρνος/Φρυγανίες",
    "category_id":"ee0022e7b1b34eb2b834ea334cda52e7"  
 },
 {
    "subcategory_id":"7e86994327f64e3ca967c09b5803966a",
    "subcategory_name":"Βρεφικές τροφές",
    "category_id":"8016e637b54241f8ad242ed1699bf2da"  
 },
 {
    "subcategory_id":"e0efaa1776714351a4c17a3a9d412602",
    "subcategory_name":"Πάνες",
    "category_id":"8016e637b54241f8ad242ed1699bf2da"  
 },
 {
    "subcategory_id":"2bce84e7df694ab1b81486aa2baf555d",
    "subcategory_name":"Σερβιέτες",
    "category_id":"8e8117f7d9d64cf1a931a351eb15bd69" 
 },
 {
    "subcategory_id":"46b02b6b4f4c4d5d8a0efe21d0981027",
    "subcategory_name":"Σαμπουάν - Αφρόλουτρα",
    "category_id":"8e8117f7d9d64cf1a931a351eb15bd69"  
 },
 {
    "subcategory_id":"329bdd842f9f41688a0aa017b74ffde4",
    "subcategory_name":"Μπύρες",
    "category_id":"a8ac6be68b53443bbd93b229e2f9cd34"  
 },
 {
    "subcategory_id":"3010aca5cbdc401e8dfe1d39320a8d1a",
    "subcategory_name":"Αναψυκτικά - Ενεργειακά Ποτά",
    "category_id":"a8ac6be68b53443bbd93b229e2f9cd34"  
 },
 {
    "subcategory_id":"e60aca31a37a40db8a83ccf93bd116b1",
    "subcategory_name":"Απορρυπαντικά",
    "category_id":"d41744460283406a86f8e4bd5010a66d" 
 },
 {
    "subcategory_id":"3be81b50494d4b5495d5fea3081759a6",
    "subcategory_name":"Είδη γενικού καθαρισμού",
    "category_id":"d41744460283406a86f8e4bd5010a66d"  
 }

]